DATE,BAMLC0A4CBBB
2017-04-27,1.55
2017-04-28,1.55
2017-04-30,1.55
2017-05-01,1.55
2017-05-02,1.54
2017-05-03,1.54
2017-05-04,1.53
2017-05-05,1.53
2017-05-08,1.52
2017-05-09,1.51
2017-05-10,1.5
2017-05-11,1.49
2017-05-12,1.49
2017-05-15,1.48
2017-05-16,1.48
2017-05-17,1.49
2017-05-18,1.5
2017-05-19,1.49
2017-05-22,1.49
2017-05-23,1.48
2017-05-24,1.49
2017-05-25,1.49
2017-05-26,1.48
2017-05-29,1.48
2017-05-30,1.48
2017-05-31,1.51
2017-06-01,1.51
2017-06-02,1.51
2017-06-05,1.5
2017-06-06,1.5
2017-06-07,1.5
2017-06-08,1.5
2017-06-09,1.5
2017-06-12,1.49
2017-06-13,1.49
2017-06-14,1.48
2017-06-15,1.48
2017-06-16,1.49
2017-06-19,1.48
2017-06-20,1.48
2017-06-21,1.49
2017-06-22,1.49
2017-06-23,1.49
2017-06-26,1.49
2017-06-27,1.48
2017-06-28,1.47
2017-06-29,1.46
2017-06-30,1.46
2017-07-03,1.45
2017-07-04,1.45
2017-07-05,1.45
2017-07-06,1.44
2017-07-07,1.43
2017-07-10,1.43
2017-07-11,1.43
2017-07-12,1.43
2017-07-13,1.42
2017-07-14,1.42
2017-07-17,1.41
2017-07-18,1.41
2017-07-19,1.4
2017-07-20,1.4
2017-07-21,1.4
2017-07-24,1.39
2017-07-25,1.38
2017-07-26,1.38
2017-07-27,1.37
2017-07-28,1.37
2017-07-31,1.39
2017-08-01,1.39
2017-08-02,1.39
2017-08-03,1.4
2017-08-04,1.4
2017-08-07,1.41
2017-08-08,1.41
2017-08-09,1.44
2017-08-10,1.46
2017-08-11,1.48
2017-08-14,1.47
2017-08-15,1.46
2017-08-16,1.46
2017-08-17,1.46
2017-08-18,1.47
2017-08-21,1.47
2017-08-22,1.47
2017-08-23,1.47
2017-08-24,1.47
2017-08-25,1.47
2017-08-28,1.47
2017-08-29,1.47
2017-08-30,1.47
2017-08-31,1.48
2017-09-01,1.47
2017-09-04,1.47
2017-09-05,1.48
2017-09-06,1.48
2017-09-07,1.49
2017-09-08,1.49
2017-09-11,1.49
2017-09-12,1.48
2017-09-13,1.47
2017-09-14,1.46
2017-09-15,1.45
2017-09-18,1.43
2017-09-19,1.42
2017-09-20,1.41
2017-09-21,1.41
2017-09-22,1.41
2017-09-25,1.41
2017-09-26,1.40
2017-09-27,1.39
2017-09-28,1.38
2017-09-29,1.36
2017-09-30,1.37
2017-10-02,1.36
2017-10-03,1.35
2017-10-04,1.34
2017-10-05,1.33
2017-10-06,1.33
2017-10-09,1.33
2017-10-10,1.33
2017-10-11,1.33
2017-10-12,1.33
2017-10-13,1.34
2017-10-16,1.33
2017-10-17,1.33
2017-10-18,1.32
2017-10-19,1.32
2017-10-20,1.31
2017-10-23,1.30
2017-10-24,1.29
2017-10-25,1.29
2017-10-26,1.29
2017-10-27,1.29
2017-10-30,1.30
2017-10-31,1.30
2017-11-01,1.31
2017-11-02,1.32
2017-11-03,1.32
2017-11-06,1.33
2017-11-07,1.34
2017-11-08,1.35
2017-11-09,1.36
2017-11-10,1.36
2017-11-13,1.36
2017-11-14,1.37
2017-11-15,1.39
2017-11-16,1.38
2017-11-17,1.37
2017-11-20,1.36
2017-11-21,1.35
2017-11-22,1.35
2017-11-23,1.35
2017-11-24,1.35
2017-11-27,1.34
2017-11-28,1.34
2017-11-29,1.34
2017-11-30,1.32
2017-12-01,1.33
2017-12-04,1.32
2017-12-05,1.32
2017-12-06,1.32
2017-12-07,1.32
2017-12-08,1.32
2017-12-11,1.31
2017-12-12,1.31
2017-12-13,1.31
2017-12-14,1.31
2017-12-15,1.30
2017-12-18,1.30
2017-12-19,1.29
2017-12-20,1.28
2017-12-21,1.28
2017-12-22,1.28
2017-12-25,.
2017-12-26,1.28
2017-12-27,1.28
2017-12-28,1.27
2017-12-29,1.28
2017-12-31,1.28
2018-01-01,.
2018-01-02,1.28
2018-01-03,1.27
2018-01-04,1.27
2018-01-05,1.26
2018-01-08,1.26
2018-01-09,1.24
2018-01-10,1.23
2018-01-11,1.23
2018-01-12,1.22
2018-01-15,1.22
2018-01-16,1.21
2018-01-17,1.21
2018-01-18,1.21
2018-01-19,1.21
2018-01-22,1.21
2018-01-23,1.21
2018-01-24,1.20
2018-01-25,1.20
2018-01-26,1.18
2018-01-29,1.17
2018-01-30,1.17
2018-01-31,1.17
2018-02-01,1.16
2018-02-02,1.15
2018-02-05,1.17
2018-02-06,1.19
2018-02-07,1.18
2018-02-08,1.19
2018-02-09,1.24
2018-02-12,1.24
2018-02-13,1.27
2018-02-14,1.25
2018-02-15,1.24
2018-02-16,1.24
2018-02-19,1.24
2018-02-20,1.24
2018-02-21,1.24
2018-02-22,1.25
2018-02-23,1.26
2018-02-26,1.26
2018-02-27,1.26
2018-02-28,1.28
2018-03-01,1.31
2018-03-02,1.32
2018-03-05,1.31
2018-03-06,1.31
2018-03-07,1.31
2018-03-08,1.32
2018-03-09,1.33
2018-03-12,1.34
2018-03-13,1.35
2018-03-14,1.36
2018-03-15,1.38
2018-03-16,1.37
2018-03-19,1.38
2018-03-20,1.38
2018-03-21,1.39
2018-03-22,1.42
2018-03-23,1.43
2018-03-26,1.44
2018-03-27,1.44
2018-03-28,1.44
2018-03-29,1.44
2018-03-30,.
2018-03-31,1.45
2018-04-02,1.45
2018-04-03,1.45
2018-04-04,1.44
2018-04-05,1.42
2018-04-06,1.42
2018-04-09,1.42
2018-04-10,1.42
2018-04-11,1.41
2018-04-12,1.40
2018-04-13,1.39
2018-04-16,1.39
2018-04-17,1.38
2018-04-18,1.38
2018-04-19,1.39
2018-04-20,1.39
2018-04-23,1.39
2018-04-24,1.39
2018-04-25,1.39
2018-04-26,1.40
2018-04-27,1.41
2018-04-30,1.44
2018-05-01,1.44
2018-05-02,1.45
2018-05-03,1.47
2018-05-04,1.48
2018-05-07,1.48
2018-05-08,1.48
2018-05-09,1.47
2018-05-10,1.46
2018-05-11,1.45
2018-05-14,1.44
2018-05-15,1.44
2018-05-16,1.44
2018-05-17,1.44
2018-05-18,1.45
2018-05-21,1.45
2018-05-22,1.45
2018-05-23,1.46
2018-05-24,1.46
2018-05-25,1.47
2018-05-28,1.47
2018-05-29,1.51
2018-05-30,1.52
2018-05-31,1.54
2018-06-01,1.53
2018-06-04,1.52
2018-06-05,1.52
2018-06-06,1.52
2018-06-07,1.53
2018-06-08,1.54
2018-06-11,1.54
2018-06-12,1.54
2018-06-13,1.53
2018-06-14,1.53
2018-06-15,1.53
2018-06-18,1.55
2018-06-19,1.56
2018-06-20,1.57
2018-06-21,1.59
2018-06-22,1.59
2018-06-25,1.61
2018-06-26,1.61
2018-06-27,1.62
2018-06-28,1.62
2018-06-29,1.62
2018-06-30,1.63
2018-07-02,1.63
2018-07-03,1.63
2018-07-04,1.63
2018-07-05,1.61
2018-07-06,1.61
2018-07-09,1.59
2018-07-10,1.57
2018-07-11,1.57
2018-07-12,1.56
2018-07-13,1.56
2018-07-16,1.54
2018-07-17,1.54
2018-07-18,1.54
2018-07-19,1.54
2018-07-20,1.53
2018-07-23,1.52
2018-07-24,1.50
2018-07-25,1.49
2018-07-26,1.47
2018-07-27,1.46
2018-07-30,1.46
2018-07-31,1.47
2018-08-01,1.46
2018-08-02,1.46
2018-08-03,1.46
2018-08-06,1.46
2018-08-07,1.45
2018-08-08,1.46
2018-08-09,1.47
2018-08-10,1.50
2018-08-13,1.52
2018-08-14,1.51
2018-08-15,1.52
2018-08-16,1.51
2018-08-17,1.50
2018-08-20,1.51
2018-08-21,1.50
2018-08-22,1.51
2018-08-23,1.52
2018-08-24,1.52
2018-08-27,1.51
2018-08-28,1.51
2018-08-29,1.50
2018-08-30,1.52
2018-08-31,1.53
2018-09-03,1.53
2018-09-04,1.53
2018-09-05,1.53
2018-09-06,1.53
2018-09-07,1.52
2018-09-10,1.52
2018-09-11,1.51
2018-09-12,1.50
2018-09-13,1.49
2018-09-14,1.47
2018-09-17,1.47
2018-09-18,1.46
2018-09-19,1.45
2018-09-20,1.44
2018-09-21,1.43
2018-09-24,1.44
2018-09-25,1.43
2018-09-26,1.43
2018-09-27,1.42
2018-09-28,1.41
2018-09-30,1.43
2018-10-01,1.43
2018-10-02,1.43
2018-10-03,1.41
2018-10-04,1.42
2018-10-05,1.43
2018-10-08,1.43
2018-10-09,1.43
2018-10-10,1.43
2018-10-11,1.47
2018-10-12,1.47
2018-10-15,1.46
2018-10-16,1.47
2018-10-17,1.47
2018-10-18,1.48
2018-10-19,1.48
2018-10-22,1.49
2018-10-23,1.52
2018-10-24,1.51
2018-10-25,1.54
2018-10-26,1.56
2018-10-29,1.56
2018-10-30,1.58
2018-10-31,1.58
2018-11-01,1.60
2018-11-02,1.58
2018-11-05,1.58
2018-11-06,1.56
2018-11-07,1.55
2018-11-08,1.54
2018-11-09,1.56
2018-11-12,1.56
2018-11-13,1.60
2018-11-14,1.64
2018-11-15,1.68
2018-11-16,1.70
2018-11-19,1.72
2018-11-20,1.76
2018-11-21,1.75
2018-11-22,1.76
2018-11-23,1.76
2018-11-26,1.75
2018-11-27,1.78
2018-11-28,1.79
2018-11-29,1.80
2018-11-30,1.84
2018-12-03,1.83
2018-12-04,1.86
2018-12-05,1.86
2018-12-06,1.91
2018-12-07,1.92
2018-12-10,1.93
2018-12-11,1.92
2018-12-12,1.90
2018-12-13,1.88
2018-12-14,1.88
2018-12-17,1.88
2018-12-18,1.89
2018-12-19,1.90
2018-12-20,1.94
2018-12-21,1.96
2018-12-24,1.97
2018-12-25,.
2018-12-26,1.98
2018-12-27,2.00
2018-12-28,2.01
2018-12-31,2.02
2019-01-01,.
2019-01-02,2.03
2019-01-03,2.06
2019-01-04,2.05
2019-01-07,2.03
2019-01-08,2.01
2019-01-09,1.97
2019-01-10,1.97
2019-01-11,1.96
2019-01-14,1.96
2019-01-15,1.96
2019-01-16,1.93
2019-01-17,1.91
2019-01-18,1.88
2019-01-21,1.88
2019-01-22,1.87
2019-01-23,1.85
2019-01-24,1.84
2019-01-25,1.82
2019-01-28,1.81
2019-01-29,1.81
2019-01-30,1.81
2019-01-31,1.79
2019-02-01,1.76
2019-02-04,1.74
2019-02-05,1.72
2019-02-06,1.71
2019-02-07,1.74
2019-02-08,1.74
2019-02-11,1.74
2019-02-12,1.73
2019-02-13,1.72
2019-02-14,1.73
2019-02-15,1.72
2019-02-18,1.72
2019-02-19,1.72
2019-02-20,1.72
2019-02-21,1.71
2019-02-22,1.71
2019-02-25,1.70
2019-02-26,1.70
2019-02-27,1.69
2019-02-28,1.68
2019-03-01,1.66
2019-03-04,1.65
2019-03-05,1.65
2019-03-06,1.66
2019-03-07,1.67
2019-03-08,1.68
2019-03-11,1.67
2019-03-12,1.66
2019-03-13,1.66
2019-03-14,1.65
2019-03-15,1.64
2019-03-18,1.63
2019-03-19,1.62
2019-03-20,1.63
2019-03-21,1.62
2019-03-22,1.62
2019-03-25,1.62
2019-03-26,1.61
2019-03-27,1.62
2019-03-28,1.62
2019-03-29,1.61
2019-03-31,1.63
2019-04-01,1.62
2019-04-02,1.62
2019-04-03,1.60
2019-04-04,1.60
2019-04-05,1.59
2019-04-08,1.58
2019-04-09,1.57
2019-04-10,1.56
2019-04-11,1.54
2019-04-12,1.51
2019-04-15,1.50
2019-04-16,1.49
2019-04-17,1.49
2019-04-18,1.50
2019-04-19,.
2019-04-22,1.50
2019-04-23,1.50
2019-04-24,1.50
2019-04-25,1.50
2019-04-26,1.49
2019-04-29,1.48
2019-04-30,1.50
2019-05-01,1.50
2019-05-02,1.50
2019-05-03,1.50
2019-05-06,1.51
2019-05-07,1.52
2019-05-08,1.53
2019-05-09,1.55
2019-05-10,1.56
2019-05-13,1.58
2019-05-14,1.58
2019-05-15,1.58
2019-05-16,1.57
2019-05-17,1.58
2019-05-20,1.58
2019-05-21,1.58
2019-05-22,1.59
2019-05-23,1.63
2019-05-24,1.62
2019-05-27,1.62
2019-05-28,1.64
2019-05-29,1.68
2019-05-30,1.67
2019-05-31,1.71
2019-06-03,1.73
2019-06-04,1.72
2019-06-05,1.70
2019-06-06,1.71
2019-06-07,1.71
2019-06-10,1.68
2019-06-11,1.68
2019-06-12,1.68
2019-06-13,1.68
2019-06-14,1.68
2019-06-17,1.68
2019-06-18,1.66
2019-06-19,1.66
2019-06-20,1.63
2019-06-21,1.60
2019-06-24,1.58
2019-06-25,1.59
2019-06-26,1.58
2019-06-27,1.57
2019-06-28,1.56
2019-06-30,1.57
2019-07-01,1.55
2019-07-02,1.55
2019-07-03,1.54
2019-07-04,1.54
2019-07-05,1.53
2019-07-08,1.53
2019-07-09,1.54
2019-07-10,1.54
2019-07-11,1.52
2019-07-12,1.52
2019-07-15,1.52
2019-07-16,1.51
2019-07-17,1.52
2019-07-18,1.53
2019-07-19,1.52
2019-07-22,1.51
2019-07-23,1.50
2019-07-24,1.49
2019-07-25,1.48
2019-07-26,1.46
2019-07-29,1.46
2019-07-30,1.47
2019-07-31,1.47
2019-08-01,1.51
2019-08-02,1.53
2019-08-05,1.58
2019-08-06,1.60
2019-08-07,1.62
2019-08-08,1.61
2019-08-09,1.61
2019-08-12,1.63
2019-08-13,1.62
2019-08-14,1.65
2019-08-15,1.67
2019-08-16,1.67
2019-08-19,1.65
2019-08-20,1.65
2019-08-21,1.63
2019-08-22,1.61
2019-08-23,1.61
2019-08-26,1.61
2019-08-27,1.62
2019-08-28,1.62
2019-08-29,1.62
2019-08-30,1.61
2019-08-31,1.62
2019-09-02,1.62
2019-09-03,1.63
2019-09-04,1.63
2019-09-05,1.61
2019-09-06,1.61
2019-09-09,1.60
2019-09-10,1.60
2019-09-11,1.59
2019-09-12,1.56
2019-09-13,1.54
2019-09-16,1.54
2019-09-17,1.54
2019-09-18,1.54
2019-09-19,1.53
2019-09-20,1.52
2019-09-23,1.52
2019-09-24,1.54
2019-09-25,1.54
2019-09-26,1.54
2019-09-27,1.55
2019-09-30,1.56
2019-10-01,1.56
2019-10-02,1.59
2019-10-03,1.61
2019-10-04,1.61
2019-10-07,1.60
2019-10-08,1.61
2019-10-09,1.61
2019-10-10,1.59
2019-10-11,1.56
2019-10-14,1.56
2019-10-15,1.54
2019-10-16,1.53
2019-10-17,1.53
2019-10-18,1.52
2019-10-21,1.50
2019-10-22,1.49
2019-10-23,1.50
2019-10-24,1.49
2019-10-25,1.47
2019-10-28,1.45
2019-10-29,1.45
2019-10-30,1.46
2019-10-31,1.50
2019-11-01,1.48
2019-11-04,1.47
2019-11-05,1.45
2019-11-06,1.45
2019-11-07,1.43
2019-11-08,1.43
2019-11-11,1.42
2019-11-12,1.43
2019-11-13,1.44
2019-11-14,1.45
2019-11-15,1.44
2019-11-18,1.44
2019-11-19,1.45
2019-11-20,1.46
2019-11-21,1.46
2019-11-22,1.46
2019-11-25,1.44
2019-11-26,1.44
2019-11-27,1.43
2019-11-28,.
2019-11-29,1.42
2019-11-30,1.44
2019-12-02,1.43
2019-12-03,1.45
2019-12-04,1.43
2019-12-05,1.42
2019-12-06,1.40
2019-12-09,1.40
2019-12-10,1.39
2019-12-11,1.39
2019-12-12,1.37
2019-12-13,1.36
2019-12-16,1.34
2019-12-17,1.32
2019-12-18,1.31
2019-12-19,1.30
2019-12-20,1.30
2019-12-23,1.30
2019-12-24,1.29
2019-12-25,.
2019-12-26,1.29
2019-12-27,1.29
2019-12-30,1.29
2019-12-31,1.30
2020-01-01,.
2020-01-02,1.30
2020-01-03,1.32
2020-01-06,1.32
2020-01-07,1.33
2020-01-08,1.32
2020-01-09,1.31
2020-01-10,1.30
2020-01-13,1.29
2020-01-14,1.30
2020-01-15,1.30
2020-01-16,1.29
2020-01-17,1.27
2020-01-20,1.27
2020-01-21,1.27
2020-01-22,1.27
2020-01-23,1.28
2020-01-24,1.29
2020-01-27,1.34
2020-01-28,1.33
2020-01-29,1.33
2020-01-30,1.35
2020-01-31,1.39
2020-02-03,1.39
2020-02-04,1.36
2020-02-05,1.34
2020-02-06,1.33
2020-02-07,1.33
2020-02-10,1.34
2020-02-11,1.33
2020-02-12,1.31
2020-02-13,1.31
2020-02-14,1.31
2020-02-17,1.31
2020-02-18,1.31
2020-02-19,1.31
2020-02-20,1.33
2020-02-21,1.35
2020-02-24,1.40
2020-02-25,1.44
2020-02-26,1.46
2020-02-27,1.54
2020-02-28,1.65
2020-02-29,1.64
2020-03-02,1.68
2020-03-03,1.67
2020-03-04,1.66
2020-03-05,1.71
2020-03-06,1.87
2020-03-09,2.37
2020-03-10,2.37
2020-03-11,2.47
2020-03-12,2.77
2020-03-13,2.84
2020-03-16,3.13
2020-03-17,3.34
2020-03-18,3.68
2020-03-19,4.25
2020-03-20,4.65
2020-03-23,4.88
2020-03-24,4.74
2020-03-25,4.48
2020-03-26,4.24
2020-03-27,4.14
2020-03-30,4.05
2020-03-31,3.96
2020-04-01,3.98
2020-04-02,3.99
2020-04-03,4.01
2020-04-06,3.96
2020-04-07,3.83
2020-04-08,3.72
2020-04-09,3.43
2020-04-10,.
2020-04-13,3.24
2020-04-14,3.11
2020-04-15,3.13
2020-04-16,3.10
2020-04-17,3.07
2020-04-20,3.10
2020-04-21,3.16
2020-04-22,3.14
2020-04-23,3.11
2020-04-24,3.11
2020-04-27,3.10
2020-04-28,3.09
2020-04-29,3.06
2020-04-30,2.82
2020-05-01,2.83
2020-05-04,2.85
2020-05-05,2.83
2020-05-06,2.83
2020-05-07,2.86
2020-05-08,2.87
2020-05-11,2.88
2020-05-12,2.87
2020-05-13,2.86
2020-05-14,2.87
2020-05-15,2.85
2020-05-18,2.76
2020-05-19,2.70
2020-05-20,2.63
2020-05-21,2.59
2020-05-22,2.57
2020-05-25,2.57
2020-05-26,2.52
2020-05-27,2.48
2020-05-28,2.45
2020-05-29,2.42
2020-05-31,2.44
2020-06-01,2.41
2020-06-02,2.36
2020-06-03,2.27
2020-06-04,2.21
2020-06-05,2.08
2020-06-08,2.03
2020-06-09,2.06
2020-06-10,2.08
2020-06-11,2.18
2020-06-12,2.18
2020-06-15,2.18
2020-06-16,2.04
2020-06-17,2.03
2020-06-18,2.04
2020-06-19,2.03
2020-06-22,2.03
2020-06-23,2.02
2020-06-24,2.06
2020-06-25,2.07
2020-06-26,2.09
2020-06-29,2.09
2020-06-30,2.07
2020-07-01,2.04
2020-07-02,2.01
2020-07-03,2.00
2020-07-06,1.97
2020-07-07,1.97
2020-07-08,1.97
2020-07-09,1.98
2020-07-10,1.98
2020-07-13,1.96
2020-07-14,1.96
2020-07-15,1.94
2020-07-16,1.93
2020-07-17,1.91
2020-07-20,1.88
2020-07-21,1.85
2020-07-22,1.83
2020-07-23,1.82
2020-07-24,1.83
2020-07-27,1.83
2020-07-28,1.84
2020-07-29,1.83
2020-07-30,1.84
2020-07-31,1.85
2020-08-03,1.83
2020-08-04,1.83
2020-08-05,1.80
2020-08-06,1.79
2020-08-07,1.77
2020-08-10,1.76
2020-08-11,1.74
2020-08-12,1.74
2020-08-13,1.74
2020-08-14,1.76
2020-08-17,1.77
2020-08-18,1.78
2020-08-19,1.78
2020-08-20,1.79
2020-08-21,1.78
2020-08-24,1.78
2020-08-25,1.77
2020-08-26,1.78
2020-08-27,1.78
2020-08-28,1.77
2020-08-31,1.76
2020-09-01,1.75
2020-09-02,1.73
2020-09-03,1.74
2020-09-04,1.74
2020-09-07,1.74
2020-09-08,1.76
2020-09-09,1.77
2020-09-10,1.77
2020-09-11,1.77
2020-09-14,1.76
2020-09-15,1.75
2020-09-16,1.74
2020-09-17,1.74
2020-09-18,1.74
2020-09-21,1.76
2020-09-22,1.76
2020-09-23,1.78
2020-09-24,1.83
2020-09-25,1.86
2020-09-28,1.85
2020-09-29,1.85
2020-09-30,1.84
2020-10-01,1.83
2020-10-02,1.83
2020-10-05,1.80
2020-10-06,1.77
2020-10-07,1.75
2020-10-08,1.74
2020-10-09,1.73
2020-10-12,1.73
2020-10-13,1.71
2020-10-14,1.71
2020-10-15,1.72
2020-10-16,1.71
2020-10-19,1.70
2020-10-20,1.70
2020-10-21,1.69
2020-10-22,1.68
2020-10-23,1.67
2020-10-26,1.68
2020-10-27,1.67
2020-10-28,1.70
2020-10-29,1.70
2020-10-30,1.71
2020-10-31,1.71
2020-11-02,1.71
2020-11-03,1.69
2020-11-04,1.66
2020-11-05,1.62
2020-11-06,1.60
2020-11-09,1.53
2020-11-10,1.52
2020-11-11,1.52
2020-11-12,1.54
2020-11-13,1.55
2020-11-16,1.52
2020-11-17,1.51
2020-11-18,1.49
2020-11-19,1.48
2020-11-20,1.48
2020-11-23,1.48
2020-11-24,1.46
2020-11-25,1.44
2020-11-26,1.44
2020-11-27,1.44
2020-11-30,1.43
2020-12-01,1.39
2020-12-02,1.37
2020-12-03,1.36
2020-12-04,1.35
2020-12-07,1.35
2020-12-08,1.37
2020-12-09,1.39
2020-12-10,1.39
2020-12-11,1.40
2020-12-14,1.39
2020-12-15,1.38
2020-12-16,1.36
2020-12-17,1.34
2020-12-18,1.34
2020-12-21,1.34
2020-12-22,1.34
2020-12-23,1.33
2020-12-24,1.33
2020-12-25,.
2020-12-28,1.32
2020-12-29,1.31
2020-12-30,1.30
2020-12-31,1.30
2021-01-01,.
2021-01-04,1.31
2021-01-05,1.32
2021-01-06,1.31
2021-01-07,1.29
2021-01-08,1.28
2021-01-11,1.27
2021-01-12,1.27
2021-01-13,1.26
2021-01-14,1.25
2021-01-15,1.25
2021-01-18,1.24
2021-01-19,1.24
2021-01-20,1.23
2021-01-21,1.24
2021-01-22,1.26
2021-01-25,1.27
2021-01-26,1.27
2021-01-27,1.28
2021-01-28,1.28
2021-01-29,1.27
2021-01-31,1.28
2021-02-01,1.29
2021-02-02,1.28
2021-02-03,1.27
2021-02-04,1.25
2021-02-05,1.24
2021-02-08,1.22
2021-02-09,1.22
2021-02-10,1.22
2021-02-11,1.22
2021-02-12,1.22
2021-02-15,1.21
2021-02-16,1.19
2021-02-17,1.18
2021-02-18,1.18
2021-02-19,1.18
2021-02-22,1.19
2021-02-23,1.21
2021-02-24,1.20
2021-02-25,1.19
2021-02-26,1.19
2021-02-28,1.19
2021-03-01,1.20
2021-03-02,1.20
2021-03-03,1.19
2021-03-04,1.21
2021-03-05,1.24
2021-03-08,1.26
2021-03-09,1.29
2021-03-10,1.28
2021-03-11,1.27
2021-03-12,1.26
2021-03-15,1.26
2021-03-16,1.25
2021-03-17,1.26
2021-03-18,1.24
2021-03-19,1.24
2021-03-22,1.23
2021-03-23,1.24
2021-03-24,1.25
2021-03-25,1.26
2021-03-26,1.24
2021-03-29,1.23
2021-03-30,1.22
2021-03-31,1.19
2021-04-01,1.18
2021-04-02,.
2021-04-05,1.17
2021-04-06,1.18
2021-04-07,1.17
2021-04-08,1.17
2021-04-09,1.17
2021-04-12,1.16
2021-04-13,1.17
2021-04-14,1.16
2021-04-15,1.16
2021-04-16,1.17
2021-04-19,1.18
2021-04-20,1.19
2021-04-21,1.19
2021-04-22,1.18
2021-04-23,1.17
2021-04-26,1.17
2021-04-27,1.16
2021-04-28,1.16
2021-04-29,1.16
2021-04-30,1.17
2021-05-03,1.16
2021-05-04,1.17
2021-05-05,1.16
2021-05-06,1.16
2021-05-07,1.15
2021-05-10,1.15
2021-05-11,1.16
2021-05-12,1.15
2021-05-13,1.16
2021-05-14,1.15
2021-05-17,1.14
2021-05-18,1.14
2021-05-19,1.14
2021-05-20,1.14
2021-05-21,1.14
2021-05-24,1.13
2021-05-25,1.13
2021-05-26,1.13
2021-05-27,1.13
2021-05-28,1.12
2021-05-31,1.13
2021-06-01,1.13
2021-06-02,1.13
2021-06-03,1.13
2021-06-04,1.13
2021-06-07,1.13
2021-06-08,1.13
2021-06-09,1.13
2021-06-10,1.12
2021-06-11,1.11
2021-06-14,1.10
2021-06-15,1.10
2021-06-16,1.08
2021-06-17,1.08
2021-06-18,1.08
2021-06-21,1.08
2021-06-22,1.08
2021-06-23,1.09
2021-06-24,1.08
2021-06-25,1.07
2021-06-28,1.07
2021-06-29,1.07
2021-06-30,1.07
2021-07-01,1.08
2021-07-02,1.08
2021-07-05,1.08
2021-07-06,1.08
2021-07-07,1.09
2021-07-08,1.12
2021-07-09,1.11
2021-07-12,1.11
2021-07-13,1.10
2021-07-14,1.10
2021-07-15,1.11
2021-07-16,1.12
2021-07-19,1.14
2021-07-20,1.15
2021-07-21,1.14
2021-07-22,1.13
2021-07-23,1.13
2021-07-26,1.13
2021-07-27,1.13
2021-07-28,1.12
2021-07-29,1.12
2021-07-30,1.12
2021-07-31,1.13
2021-08-02,1.14
2021-08-03,1.15
2021-08-04,1.15
2021-08-05,1.15
2021-08-06,1.15
2021-08-09,1.15
2021-08-10,1.15
2021-08-11,1.15
2021-08-12,1.15
2021-08-13,1.14
2021-08-16,1.15
2021-08-17,1.15
2021-08-18,1.16
2021-08-19,1.17
2021-08-20,1.17
2021-08-23,1.17
2021-08-24,1.16
2021-08-25,1.15
2021-08-26,1.14
2021-08-27,1.14
2021-08-30,1.14
2021-08-31,1.14
2021-09-01,1.14
2021-09-02,1.14
2021-09-03,1.13
2021-09-06,1.13
2021-09-07,1.13
2021-09-08,1.14
2021-09-09,1.13
2021-09-10,1.12
2021-09-13,1.12
2021-09-14,1.12
2021-09-15,1.12
2021-09-16,1.11
2021-09-17,1.10
2021-09-20,1.12
2021-09-21,1.12
2021-09-22,1.11
2021-09-23,1.09
2021-09-24,1.08
2021-09-27,1.07
2021-09-28,1.08
2021-09-29,1.07
2021-09-30,1.10
2021-10-01,1.10
2021-10-04,1.11
2021-10-05,1.10
2021-10-06,1.11
2021-10-07,1.11
2021-10-08,1.11
2021-10-11,1.11
2021-10-12,1.12
2021-10-13,1.12
2021-10-14,1.12
2021-10-15,1.10
2021-10-18,1.10
2021-10-19,1.10
2021-10-20,1.10
2021-10-21,1.10
2021-10-22,1.11
2021-10-25,1.10
2021-10-26,1.10
2021-10-27,1.10
2021-10-28,1.10
2021-10-29,1.10
2021-10-31,1.11
2021-11-01,1.12
2021-11-02,1.12
2021-11-03,1.12
2021-11-04,1.12
2021-11-05,1.11
2021-11-08,1.11
2021-11-09,1.12
2021-11-10,1.11
2021-11-11,1.11
2021-11-12,1.12
2021-11-15,1.12
2021-11-16,1.14
2021-11-17,1.15
2021-11-18,1.15
2021-11-19,1.15
2021-11-22,1.15
2021-11-23,1.18
2021-11-24,1.17
2021-11-25,1.17
2021-11-26,1.23
2021-11-29,1.24
2021-11-30,1.26
2021-12-01,1.27
2021-12-02,1.28
2021-12-03,1.27
2021-12-06,1.25
2021-12-07,1.22
2021-12-08,1.22
2021-12-09,1.22
2021-12-10,1.22
2021-12-13,1.23
2021-12-14,1.23
2021-12-15,1.24
2021-12-16,1.24
2021-12-17,1.24
2021-12-20,1.26
2021-12-21,1.25
2021-12-22,1.24
2021-12-23,1.23
2021-12-24,.
2021-12-27,1.22
2021-12-28,1.21
2021-12-29,1.20
2021-12-30,1.20
2021-12-31,1.21
2022-01-03,1.20
2022-01-04,1.19
2022-01-05,1.17
2022-01-06,1.17
2022-01-07,1.17
2022-01-10,1.18
2022-01-11,1.19
2022-01-12,1.19
2022-01-13,1.20
2022-01-14,1.20
2022-01-17,1.20
2022-01-18,1.21
2022-01-19,1.22
2022-01-20,1.23
2022-01-21,1.26
2022-01-24,1.29
2022-01-25,1.28
2022-01-26,1.26
2022-01-27,1.31
2022-01-28,1.33
2022-01-31,1.34
2022-02-01,1.33
2022-02-02,1.32
2022-02-03,1.33
2022-02-04,1.33
2022-02-07,1.35
2022-02-08,1.34
2022-02-09,1.33
2022-02-10,1.32
2022-02-11,1.35
2022-02-14,1.36
2022-02-15,1.36
2022-02-16,1.39
2022-02-17,1.43
2022-02-18,1.46
2022-02-21,1.46
2022-02-22,1.49
2022-02-23,1.50
2022-02-24,1.59
2022-02-25,1.54
2022-02-28,1.60
2022-03-01,1.64
2022-03-02,1.64
2022-03-03,1.64
2022-03-04,1.69
2022-03-07,1.75
2022-03-08,1.81
2022-03-09,1.79
2022-03-10,1.80
2022-03-11,1.82
2022-03-14,1.84
2022-03-15,1.85
2022-03-16,1.79
2022-03-17,1.71
2022-03-18,1.69
2022-03-21,1.65
2022-03-22,1.63
2022-03-23,1.63
2022-03-24,1.64
2022-03-25,1.61
2022-03-28,1.61
2022-03-29,1.57
2022-03-30,1.56
2022-03-31,1.49
2022-04-01,1.47
2022-04-04,1.44
2022-04-05,1.42
2022-04-06,1.44
2022-04-07,1.45
2022-04-08,1.46
2022-04-11,1.50
2022-04-12,1.52
2022-04-13,1.55
2022-04-14,1.54
2022-04-15,.
2022-04-18,1.54
2022-04-19,1.55
2022-04-20,1.56
2022-04-21,1.57
2022-04-22,1.61
2022-04-25,1.64
2022-04-26,1.65
2022-04-27,1.68
