DATE,COMPAPER
2001-01-03,298.74986419
2001-01-10,306.70070703
2001-01-17,312.00767027
2001-01-24,302.14335685
2001-01-31,294.74725778
2001-02-07,294.48288562
2001-02-14,287.70526074
2001-02-21,288.47941131
2001-02-28,282.74988398
2001-03-07,273.84247435
2001-03-14,271.49552638
2001-03-21,277.5797488
2001-03-28,270.14298065
2001-04-04,264.37459518
2001-04-11,263.49798861
2001-04-18,268.76484701
2001-04-25,268.91498073
2001-05-02,267.57527119
2001-05-09,263.15412319
2001-05-16,258.00183245
2001-05-23,250.8320065
2001-05-30,248.91033996
2001-06-06,247.38006033
2001-06-13,244.57621277
2001-06-20,240.51635532
2001-06-27,234.38503139
2001-07-04,231.65195856
2001-07-11,230.83064978
2001-07-18,233.941181
2001-07-25,228.72341267
2001-08-01,226.42365579
2001-08-08,225.34830685
2001-08-15,225.52732817
2001-08-22,222.68471634
2001-08-29,218.16460665
2001-09-05,213.86046888
2001-09-12,194.097786901
2001-09-19,212.56852419
2001-09-26,211.73141107
2001-10-03,220.64138746
2001-10-10,217.88087509
2001-10-17,223.75457478
2001-10-24,218.84402289
2001-10-31,213.78433105
2001-11-07,212.22184856
2001-11-14,207.4759513
2001-11-21,209.79572776
2001-11-28,206.0448755
2001-12-05,209.97359503
2001-12-12,202.72415664
2001-12-19,206.07976967
2001-12-26,204.60977766
2002-01-02,198.90459415
2002-01-09,200.9162432
2002-01-16,209.89210919
2002-01-23,210.94137938
2002-01-30,208.97967919
2002-02-06,206.65541591
2002-02-13,199.89004211
2002-02-20,199.11673221
2002-02-27,194.33382834
2002-03-06,187.91369578
2002-03-13,187.10407676
2002-03-20,188.80433056
2002-03-27,186.35560695
2002-04-03,185.35822785
2002-04-10,182.06448574
2002-04-17,185.29738957
2002-04-24,184.93880941
2002-05-01,185.61175079
2002-05-08,180.79273311
2002-05-15,185.66180458
2002-05-22,177.6228403
2002-05-29,172.4920945
2002-06-05,170.98884962
2002-06-12,171.34509631
2002-06-19,173.41054364
2002-06-26,170.99969057
2002-07-03,172.71064527
2002-07-10,172.94216079
2002-07-17,171.8811385
2002-07-24,173.3854064
2002-07-31,173.2501013
2002-08-07,174.18841352
2002-08-14,170.3778297
2002-08-21,172.13270479
2002-08-28,166.97056198
2002-09-04,165.22747452
2002-09-11,165.87884036
2002-09-18,171.03175144
2002-09-25,165.46738345
2002-10-02,160.57298192
2002-10-09,156.27875525
2002-10-16,160.01447486
2002-10-23,158.27703337
2002-10-30,158.09879211
2002-11-06,156.12536127
2002-11-13,153.6585697
2002-11-20,154.40039218
2002-11-27,153.55358822
2002-12-04,150.5056704
2002-12-11,152.53824258
2002-12-18,153.00090333
2002-12-25,146.7830503
2003-01-01,139.12326363
2003-01-08,148.52303305
2003-01-15,149.82413976
2003-01-22,150.75852405
2003-01-29,144.88440394
2003-02-05,149.20965205
2003-02-12,143.71682083
2003-02-19,148.22814078
2003-02-26,147.60171402
2003-03-05,149.35228141
2003-03-12,149.284889
2003-03-19,153.89001797
2003-03-26,148.74145895
2003-04-02,143.35626981
2003-04-09,143.13046495
2003-04-16,148.70204827
2003-04-23,146.23743347
2003-04-30,146.05171794
2003-05-07,142.14274481
2003-05-14,139.00730811
2003-05-21,139.0848187
2003-05-28,134.30497719
2003-06-04,132.22995324
2003-06-11,130.4381877
2003-06-18,131.65064926
2003-06-25,130.90851693
2003-07-02,128.06245806
2003-07-09,127.78293441
2003-07-16,129.0429688
2003-07-23,127.58985278
2003-07-30,127.43489446
2003-08-06,131.35304076
2003-08-13,128.17177097
2003-08-20,131.88570727
2003-08-27,127.61962464
2003-09-03,127.85324073
2003-09-10,127.89349142
2003-09-17,132.69633491
2003-09-24,128.36389098
2003-10-01,127.21371129
2003-10-08,126.10548187
2003-10-15,130.81339284
2003-10-22,129.38233851
2003-10-29,125.14629122
2003-11-05,123.67520803
2003-11-12,123.59899286
2003-11-19,125.49285764
2003-11-26,124.69376806
2003-12-03,115.446532294
2003-12-10,113.520042478
2003-12-17,116.030757123
2003-12-24,108.732524255
2003-12-31,98.027519963
2004-01-07,104.582769301
2004-01-14,104.634829929
2004-01-21,109.026566896
2004-01-28,110.114771137
2004-02-04,112.375402312
2004-02-11,107.668004411
2004-02-18,112.422370051
2004-02-25,114.765801963
2004-03-03,114.54563768
2004-03-10,113.462861982
2004-03-17,115.426158825
2004-03-24,111.526083192
2004-03-31,106.859477489
2004-04-07,112.981362193
2004-04-14,112.202665562
2004-04-21,118.17442732
2004-04-28,118.12933631
2004-05-05,113.969326596
2004-05-12,113.407573815
2004-05-19,117.82587992
2004-05-26,117.42512096
2004-06-02,117.34206291
2004-06-09,119.61587495
2004-06-16,126.64630994
2004-06-23,121.42388717
2004-06-30,113.948720061
2004-07-07,120.24219331
2004-07-14,123.18362856
2004-07-21,127.66422196
2004-07-28,130.03769087
2004-08-04,128.54888518
2004-08-11,125.13649592
2004-08-18,127.31516047
2004-08-25,125.2839059
2004-09-01,124.2207311
2004-09-08,125.36658132
2004-09-15,131.87772669
2004-09-22,124.62616135
2004-09-29,118.93597349
2004-10-06,126.56622432
2004-10-13,130.74927376
2004-10-20,135.83283057
2004-10-27,136.58528222
2004-11-03,138.17173274
2004-11-10,131.2681382
2004-11-17,131.83659811
2004-11-24,133.82507858
2004-12-01,129.21992443
2004-12-08,126.48271862
2004-12-15,130.82401296
2004-12-22,129.10784216
2004-12-29,116.98484812
2005-01-05,122.03507367
2005-01-12,126.67860202
2005-01-19,131.55992518
2005-01-26,135.45016604
2005-02-02,135.72886026
2005-02-09,134.5281286
2005-02-16,137.44427312
2005-02-23,137.00468109
2005-03-02,139.15228146
2005-03-09,136.00894287
2005-03-16,142.66753302
2005-03-23,143.78613095
2005-03-30,130.58792154
2005-04-06,141.09927295
2005-04-13,145.93390411
2005-04-20,149.45629844
2005-04-27,149.71677224
2005-05-04,147.48677473
2005-05-11,146.06413454
2005-05-18,149.84037233
2005-05-25,150.30256746
2005-06-01,147.25973803
2005-06-08,146.22376484
2005-06-15,152.00374784
2005-06-22,148.31471973
2005-06-29,130.77810805
2005-07-06,129.28020372
2005-07-13,135.34246761
2005-07-20,141.23891431
2005-07-27,137.0870393
2005-08-03,141.38344761
2005-08-10,138.80345298
2005-08-17,139.49373224
2005-08-24,137.66720176
2005-08-31,137.4801334
2005-09-07,140.26449702
2005-09-14,143.63671336
2005-09-21,151.09847438
2005-09-28,140.15939484
2005-10-05,140.179069
2005-10-12,144.06749183
2005-10-19,145.93014847
2005-10-26,151.65159729
2005-11-02,159.12580783
2005-11-09,162.7695738
2005-11-16,163.47888269
2005-11-23,163.84838734
2005-11-30,154.78680326
2005-12-07,146.70099557
2005-12-14,139.88258018
2005-12-21,136.09378475
2005-12-28,129.129182609
2006-01-04,122.155937513
2006-01-11,126.284968391
2006-01-18,125.164336043
2006-01-25,130.37210732
2006-02-01,127.38010099
2006-02-08,123.886049769
2006-02-15,129.75511845
2006-02-22,129.86071758
2006-03-01,134.51274465
2006-03-08,131.56474648
2006-03-15,138.06750422
2006-03-22,132.82585045
2006-03-29,130.31522725
2006-04-05,129.23919685
2006-04-12,131.36901136
2006-04-19,139.92839707
2006-04-26,146.95964679
2006-05-03,147.79448758
2006-05-10,139.8534478
2006-05-17,143.35487634
2006-05-24,143.02715339
2006-05-31,141.04165197
2006-06-07,144.78144947
2006-06-14,146.54395604
2006-06-21,152.89697498
2006-06-28,142.82853544
2006-07-05,140.5031987
2006-07-12,145.79226202
2006-07-19,146.52886893
2006-07-26,145.50452533
2006-08-02,148.98976431
2006-08-09,143.14507284
2006-08-16,146.48593493
2006-08-23,141.53382295
2006-08-30,140.79432925
2006-09-06,140.18356221
2006-09-13,139.14664852
2006-09-20,150.96193072
2006-09-27,144.25613967
2006-10-04,142.39451222
2006-10-11,141.422701
2006-10-18,144.10983634
2006-10-25,147.39937383
2006-11-01,153.43897306
2006-11-08,157.4480954
2006-11-15,161.55832021
2006-11-22,160.86694381
2006-11-29,154.98549935
2006-12-06,157.26407761
2006-12-13,157.88354683
2006-12-20,164.05238686
2006-12-27,153.31756994
2007-01-03,144.84351972
2007-01-10,152.61720575
2007-01-17,156.81228435
2007-01-24,157.05482658
2007-01-31,148.16808467
2007-02-07,152.67313394
2007-02-14,151.56549974
2007-02-21,156.38720985
2007-02-28,153.99604369
2007-03-07,157.38562099
2007-03-14,156.70389231
2007-03-21,160.025247
2007-03-28,158.50513058
2007-04-04,158.54049387
2007-04-11,160.3521128
2007-04-18,164.79030881
2007-04-25,166.60972192
2007-05-02,168.42347678
2007-05-09,175.97135443
2007-05-16,181.93710423
2007-05-23,180.43682996
2007-05-30,169.45038718
2007-06-06,177.13239701
2007-06-13,185.77586537
2007-06-20,205.32521153
2007-06-27,196.08394021
2007-07-04,183.11162316
2007-07-11,193.52796786
2007-07-18,197.44225177
2007-07-25,200.63291988
2007-08-01,195.43074227
2007-08-08,200.04398118
2007-08-15,194.20504143
2007-08-22,192.77712134
2007-08-29,183.62516788
2007-09-05,173.98389628
2007-09-12,175.32624943
2007-09-19,187.74334861
2007-09-26,176.98557963
2007-10-03,170.13118419
2007-10-10,171.24861919
2007-10-17,180.34693098
2007-10-24,186.48370677
2007-10-31,175.43811977
2007-11-07,186.16620322
2007-11-14,176.47231841
2007-11-21,191.63968241
2007-11-28,184.31764483
2007-12-05,184.86950733
2007-12-12,174.08993717
2007-12-19,182.06786101
2007-12-26,171.59751017
2008-01-02,155.95984022
2008-01-09,171.81445655
2008-01-16,176.90251303
2008-01-23,177.00756504
2008-01-30,172.50675536
2008-02-06,177.33556442
2008-02-13,175.64654605
2008-02-20,184.90257373
2008-02-27,185.91151783
2008-03-05,177.39209133
2008-03-12,179.93019244
2008-03-19,189.53148592
2008-03-26,179.2514076
2008-04-02,173.03391356
2008-04-09,181.47275527
2008-04-16,191.86353491
2008-04-23,196.28264372
2008-04-30,197.739297
2008-05-07,200.98479961
2008-05-14,195.01797971
2008-05-21,196.89521163
2008-05-28,187.50891051
2008-06-04,186.84306769
2008-06-11,191.00214877
2008-06-18,204.67905225
2008-06-25,196.67423349
2008-07-02,185.68021745
2008-07-09,196.0974235
2008-07-16,202.40722728
2008-07-23,199.1377822
2008-07-30,189.18160722
2008-08-06,193.76893238
2008-08-13,189.43635418
2008-08-20,203.85953925
2008-08-27,203.70337592
2008-09-03,206.24652646
2008-09-10,205.35039034
2008-09-17,204.06797249
2008-09-24,192.55185413
2008-10-01,183.85305669
2008-10-08,188.25368665
2008-10-15,187.59835391
2008-10-22,193.44445522
2008-10-29,190.51854438
2008-11-05,199.19036413
2008-11-12,205.18340065
2008-11-19,212.98877642
2008-11-26,209.83322914
2008-12-03,214.57858379
2008-12-10,213.36759715
2008-12-17,207.9914811
2008-12-24,196.64748369
2008-12-31,181.13263388
2009-01-07,190.45824251
2009-01-14,187.42230056
2009-01-21,192.31128352
2009-01-28,194.75855576
2009-02-04,195.47315903
2009-02-11,186.9780024
2009-02-18,184.44384252
2009-02-25,185.20541899
2009-03-04,179.75743045
2009-03-11,176.47886949
2009-03-18,173.00129404
2009-03-25,163.33622603
2009-04-01,152.6138693
2009-04-08,156.51759506
2009-04-15,162.347577
2009-04-22,157.39230546
2009-04-29,156.88814457
2009-05-06,159.86570639
2009-05-13,155.80340341
2009-05-20,163.57187511
2009-05-27,154.46080196
2009-06-03,158.38846778
2009-06-10,158.93798269
2009-06-17,154.66909432
2009-06-24,145.34856338
2009-07-01,134.295872521
2009-07-08,141.993685704
2009-07-15,138.039141054
2009-07-22,139.140105747
2009-07-29,136.207448185
2009-08-05,146.77310407
2009-08-12,138.97310689
2009-08-19,138.330007639
2009-08-26,134.46155215
2009-09-02,131.766536661
2009-09-09,128.486025729
2009-09-16,134.315697011
2009-09-23,124.223090229
2009-09-30,108.861075
2009-10-07,121.677715487
2009-10-14,121.883432611
2009-10-21,128.182668535
2009-10-28,122.067063848
2009-11-04,122.344447103
2009-11-11,120.472943177
2009-11-18,125.212272252
2009-11-25,122.768272566
2009-12-02,122.052795374
2009-12-09,120.10147331
2009-12-16,119.691748097
2009-12-23,112.354107704
2009-12-30,95.055239
2010-01-06,109.322093208
2010-01-13,113.197923122
2010-01-20,116.167834435
2010-01-27,117.101740124
2010-02-03,117.565081173
2010-02-10,115.168868118
2010-02-17,118.257363526
2010-02-24,115.173805555
2010-03-03,116.329418832
2010-03-10,115.003785802
2010-03-17,117.619762905
2010-03-24,109.506170675
2010-03-31,108.379250487
2010-04-07,116.792705873
2010-04-14,119.672264169
2010-04-21,124.346344767
2010-04-28,124.946619645
2010-05-05,126.583665769
2010-05-12,126.132490792
2010-05-19,127.606267935
2010-05-26,122.867257567
2010-06-02,123.295266204
2010-06-09,120.567836502
2010-06-16,127.179504199
2010-06-23,121.19402201
2010-06-30,115.364854871
2010-07-07,123.330824061
2010-07-14,122.946051267
2010-07-21,128.14214583
2010-07-28,125.754236672
2010-08-04,137.27581657
2010-08-11,133.53362159
2010-08-18,139.25616658
2010-08-25,139.03868723
2010-09-01,136.25615785
2010-09-08,133.71257683
2010-09-15,134.33326018
2010-09-22,128.366958618
2010-09-29,128.23968398
2010-10-06,128.54059698
2010-10-13,127.431733594
2010-10-20,136.61574385
2010-10-27,133.20079818
2010-11-03,133.86550951
2010-11-10,131.18043757
2010-11-17,136.41866858
2010-11-24,135.54675981
2010-12-01,130.17937435
2010-12-08,130.20976234
2010-12-15,129.723501694
2010-12-22,124.645590717
2010-12-29,114.920856888
2011-01-05,128.462262
2011-01-12,130.511925741
2011-01-19,134.32796234
2011-01-26,138.1154869
2011-02-02,138.75496728
2011-02-09,138.71227896
2011-02-16,143.36663047
2011-02-23,142.56577387
2011-03-02,149.20118815
2011-03-09,146.55470593
2011-03-16,155.41417925
2011-03-23,160.84726334
2011-03-30,148.218855
2011-04-06,158.30172426
2011-04-13,161.14201801
2011-04-20,160.08162185
2011-04-27,163.01454841
2011-05-04,162.90662176
2011-05-11,164.83138885
2011-05-18,170.80051044
2011-05-25,162.50233082
2011-06-01,156.66239356
2011-06-08,159.47735873
2011-06-15,159.8003202
2011-06-22,163.01780547
2011-06-29,151.0308949
2011-07-06,169.07407677
2011-07-13,171.3641138
2011-07-20,176.4111636
2011-07-27,169.24872874
2011-08-03,180.09615517
2011-08-10,180.3089243
2011-08-17,181.33903013
2011-08-24,180.63852931
2011-08-31,175.51340742
2011-09-07,182.18001381
2011-09-14,182.04000619
2011-09-21,187.08178147
2011-09-28,175.13972341
2011-10-05,182.07395925
2011-10-12,183.69949811
2011-10-19,194.27239158
2011-10-26,198.31636755
2011-11-02,195.05516866
2011-11-09,190.15419527
2011-11-16,199.68169372
2011-11-23,203.19560615
2011-11-30,187.07518792
2011-12-07,188.02597384
2011-12-14,185.63951385
2011-12-21,180.90164643
2011-12-28,160.32269603
2012-01-04,165.4021293
2012-01-11,178.12320819
2012-01-18,182.61955892
2012-01-25,187.15334016
2012-02-01,184.43341791
2012-02-08,183.51076671
2012-02-15,184.90135943
2012-02-22,180.77362695
2012-02-29,184.15520345
2012-03-07,190.48340083
2012-03-14,191.03870209
2012-03-21,193.34267659
2012-03-28,174.03853381
2012-04-04,185.69005391
2012-04-11,187.11548777
2012-04-18,193.45536819
2012-04-25,194.76700348
2012-05-02,197.33743032
2012-05-09,201.14015078
2012-05-16,208.48014478
2012-05-23,210.60696887
2012-05-30,201.6695163
2012-06-06,203.51102718
2012-06-13,206.57569118
2012-06-20,210.55920617
2012-06-27,188.65810566
2012-07-04,186.76250821
2012-07-11,201.03299716
2012-07-18,206.45603524
2012-07-25,205.64840198
2012-08-01,210.32666935
2012-08-08,215.71299977
2012-08-15,210.74159282
2012-08-22,207.05795534
2012-08-29,200.83371675
2012-09-05,204.02960007
2012-09-12,201.95931777
2012-09-19,212.641968
2012-09-26,192.76641809
2012-10-03,202.01714343
2012-10-10,200.54242025
2012-10-17,206.95290695
2012-10-24,205.64438204
2012-10-31,200.85405252
2012-11-07,205.72725252
2012-11-14,200.83073155
2012-11-21,209.8184201
2012-11-28,199.4772601
2012-12-05,198.75307012
2012-12-12,198.4062196
2012-12-19,193.24576427
2012-12-26,183.10857
2013-01-02,173.017916
2013-01-09,190.28044453
2013-01-16,198.17704716
2013-01-23,196.95591116
2013-01-30,205.85788816
2013-02-06,209.22132639
2013-02-13,208.27416766
2013-02-20,214.22374618
2013-02-27,217.4816692
2013-03-06,210.84567457
2013-03-13,207.11750938
2013-03-20,199.93204724
2013-03-27,184.570721
2013-04-03,179.61659
2013-04-10,185.439303
2013-04-17,193.469277
2013-04-24,190.731927
2013-05-01,191.71596585
2013-05-08,201.84214385
2013-05-15,205.89127496
2013-05-22,213.91884524
2013-05-29,209.96209124
2013-06-05,213.54141733
2013-06-12,215.6178468
2013-06-19,222.8698504
2013-06-26,211.663155
2013-07-03,209.74326535
2013-07-10,216.12851685
2013-07-17,219.32674507
2013-07-24,216.06145748
2013-07-31,207.67726945
2013-08-07,211.77405719
2013-08-14,208.79193719
2013-08-21,219.25119516
2013-08-28,217.16174999
2013-09-04,223.67675699
2013-09-11,235.03197295
2013-09-18,249.94283498
2013-09-25,243.81869998
2013-10-02,241.29652103
2013-10-09,254.68915861
2013-10-16,269.75272187
2013-10-23,260.1095147
2013-10-30,247.5569647
2013-11-06,240.25803491
2013-11-13,230.6438764
2013-11-20,235.50216695
2013-11-27,224.61021926
2013-12-04,218.42265611
2013-12-11,217.28963297
2013-12-18,222.08612292
2013-12-25,218.22875564
2014-01-01,196.105661
2014-01-08,224.572721
2014-01-15,227.14824801
2014-01-22,230.14256792
2014-01-29,233.12142196
2014-02-05,240.67048096
2014-02-12,243.85587408
2014-02-19,252.89294591
2014-02-26,248.49578094
2014-03-05,245.96920476
2014-03-12,243.45296689
2014-03-19,252.73069096
2014-03-26,244.17755206
2014-04-02,245.82324503
2014-04-09,252.64543047
2014-04-16,267.49086766
2014-04-23,261.79196046
2014-04-30,259.91709207
2014-05-07,274.44919041
2014-05-14,275.47152011
2014-05-21,281.68256674
2014-05-28,273.43541785
2014-06-04,278.78538487
2014-06-11,280.21355677
2014-06-18,286.2031
2014-06-25,277.07885579
2014-07-02,260.50005521
2014-07-09,270.22597694
2014-07-16,273.50861751
2014-07-23,275.71258485
2014-07-30,271.80412869
2014-08-06,278.75110643
2014-08-13,277.81420965
2014-08-20,287.67629453
2014-08-27,286.96688645
2014-09-03,286.17358724
2014-09-10,292.71690394
2014-09-17,307.26591801
2014-09-24,298.78126968
2014-10-01,274.253518
2014-10-08,277.74869037
2014-10-15,278.10427637
2014-10-22,283.5308393
2014-10-29,273.5243273
2014-11-05,275.01371913
2014-11-12,269.03235513
2014-11-19,281.25422173
2014-11-26,275.98868348
2014-12-03,272.6043033
2014-12-10,269.96664844
2014-12-17,267.89495844
2014-12-24,257.30992139
2014-12-31,227.113107
2015-01-07,249.03494224
2015-01-14,260.89071134
2015-01-21,272.04159239
2015-01-28,278.01189542
2015-02-04,280.94742419
2015-02-11,273.77046032
2015-02-18,271.19948164
2015-02-25,274.88574708
2015-03-04,276.78649755
2015-03-11,271.05324798
2015-03-18,269.69086441
2015-03-25,268.47886182
2015-04-01,248.80717425
2015-04-08,256.695739
2015-04-15,270.55601823
2015-04-22,269.51781541
2015-04-29,268.17026141
2015-05-06,268.55197341
2015-05-13,262.47008586
2015-05-20,273.30258215
2015-05-27,263.27160129
2015-06-03,275.71327415
2015-06-10,284.29030138
2015-06-17,285.14003126
2015-06-24,277.55601205
2015-07-01,256.171132
2015-07-08,272.587765
2015-07-15,273.34659121
2015-07-22,277.09673641
2015-07-29,274.18203612
2015-08-05,281.49033028
2015-08-12,277.51267446
2015-08-19,282.66835072
2015-08-26,280.99820567
2015-09-02,278.27290596
2015-09-09,285.03547951
2015-09-16,296.18650875
2015-09-23,297.0393913
2015-09-30,258.915629
2015-10-07,287.56936229
2015-10-14,292.09966198
2015-10-21,298.99800724
2015-10-28,293.07536824
2015-11-04,292.42621658
2015-11-11,291.52251358
2015-11-18,291.92571158
2015-11-25,285.98753299
2015-12-02,275.52767741
2015-12-09,272.42925511
2015-12-16,268.23731114
2015-12-23,252.25281035
2015-12-30,230.956094
2016-01-06,247.36935023
2016-01-13,248.15386573
2016-01-20,263.65166203
2016-01-27,268.15377195
2016-02-03,275.39710362
2016-02-10,279.82442557
2016-02-17,283.22252071
2016-02-24,281.26905236
2016-03-02,278.73624674
2016-03-09,274.41467706
2016-03-16,282.10813367
2016-03-23,277.04982583
2016-03-30,253.65761072
2016-04-06,258.998989
2016-04-13,267.08498134
2016-04-20,276.81648544
2016-04-27,279.93827729
2016-05-04,283.90821113
2016-05-11,285.69626816
2016-05-18,291.59397711
2016-05-25,290.08410657
2016-06-01,284.36853242
2016-06-08,290.86442842
2016-06-15,294.54366959
2016-06-22,294.39856901
2016-06-29,268.113476
2016-07-06,267.895759
2016-07-13,271.02438902
2016-07-20,277.51889448
2016-07-27,266.51971348
2016-08-03,271.81860474
2016-08-10,269.13838111
2016-08-17,273.02407479
2016-08-24,269.49433242
2016-08-31,260.97832542
2016-09-07,271.39769364
2016-09-14,273.80991602
2016-09-21,273.27158564
2016-09-28,260.35992364
2016-10-05,253.46011159
2016-10-12,256.17083959
2016-10-19,269.15447551
2016-10-26,269.14699872
2016-11-02,271.34808209
2016-11-09,264.48669259
2016-11-16,275.79006559
2016-11-23,288.75911577
2016-11-30,271.70363041
2016-12-07,276.14796449
2016-12-14,276.08366388
2016-12-21,272.035938
2016-12-28,248.200871
2017-01-04,245.13399779
2017-01-11,259.66425076
2017-01-18,269.13550004
2017-01-25,272.73135759
2017-02-01,272.3234497
2017-02-08,275.1072587
2017-02-15,276.22965295
2017-02-22,273.94467743
2017-03-01,272.64620852
2017-03-08,266.53723889
2017-03-15,274.41733653
2017-03-22,276.83948353
2017-03-29,264.29803525
2017-04-05,262.378436
2017-04-12,267.2102128
2017-04-19,274.80385692
2017-04-26,281.8700494
2017-05-03,290.6231405
2017-05-10,287.88640552
2017-05-17,285.87796157
2017-05-24,288.02339091
2017-05-31,278.57994991
2017-06-07,283.38265691
2017-06-14,278.77267656
2017-06-21,284.65417076
2017-06-28,266.50085126
2017-07-05,258.091055
2017-07-12,271.81626378
2017-07-19,288.18863811
2017-07-26,288.09468284
2017-08-02,284.56216425
2017-08-09,289.05614755
2017-08-16,295.63631887
2017-08-23,293.1618543
2017-08-30,289.68313279
2017-09-06,291.48784303
2017-09-13,302.60760943
2017-09-20,320.09112041
2017-09-27,300.93786411
2017-10-04,295.178399
2017-10-11,295.79620559
2017-10-18,310.3832721
2017-10-25,313.1130121
2017-11-01,302.7776681
2017-11-08,302.5077841
2017-11-15,299.8108641
2017-11-22,307.74664878
2017-11-29,294.87933078
2017-12-06,297.65390426
2017-12-13,293.84044969
2017-12-20,308.69374181
2017-12-27,284.8380588
2018-01-03,275.26534852
2018-01-10,295.18987952
2018-01-17,317.30997117
2018-01-24,322.87236476
2018-01-31,310.55461976
2018-02-07,327.28318976
2018-02-14,317.25001176
2018-02-21,317.44810691
2018-02-28,316.86646091
2018-03-07,317.01465891
2018-03-14,348.84553487
2018-03-21,349.65673262
2018-03-28,322.796727
2018-04-04,320.1242234
2018-04-11,331.45257325
2018-04-18,347.367722
2018-04-25,351.48599331
2018-05-02,346.31577751
2018-05-09,348.88466351
2018-05-16,345.65642951
2018-05-23,353.937151
2018-05-30,345.453542
2018-06-06,355.193985
2018-06-13,349.779589
2018-06-20,355.298722
2018-06-27,329.080971
2018-07-04,320.183431
2018-07-11,321.105776
2018-07-18,331.122389
2018-07-25,333.387834
2018-08-01,332.434813
2018-08-08,333.11868
2018-08-15,335.1729
2018-08-22,330.451798
2018-08-29,323.206299
2018-09-05,323.118463
2018-09-12,319.158029
2018-09-19,329.199627
2018-09-26,309.040074
2018-10-03,311.349076
2018-10-10,305.012973
2018-10-17,308.793907
2018-10-24,312.986163
2018-10-31,295.465091
2018-11-07,306.077449
2018-11-14,298.082371
2018-11-21,315.198151917
2018-11-28,297.937777
2018-12-05,296.330681
2018-12-12,287.132376
2018-12-19,282.212059
2018-12-26,270.299766
2019-01-02,251.428356
2019-01-09,278.74986
2019-01-16,293.132381
2019-01-23,301.552612
2019-01-30,302.390702
2019-02-06,308.716757
2019-02-13,313.445343
2019-02-20,323.547717
2019-02-27,322.053259
2019-03-06,327.910097
2019-03-13,327.77073
2019-03-20,337.717124
2019-03-27,321.163373
2019-04-03,321.593395
2019-04-10,321.696272
2019-04-17,338.968299
2019-04-24,338.481679
2019-05-01,332.042396
2019-05-08,339.042986
2019-05-15,344.894721
2019-05-22,341.606962
2019-05-29,333.855666
2019-06-05,341.056376
2019-06-12,331.871412
2019-06-19,340.436823
2019-06-26,325.332322
2019-07-03,328.861383
2019-07-10,326.407578
2019-07-17,331.595054
2019-07-24,345.234756
2019-07-31,334.424464
2019-08-07,338.944959
2019-08-14,327.250399
2019-08-21,325.915046
2019-08-28,321.559596
2019-09-04,321.398272
2019-09-11,316.711244
2019-09-18,317.364651
2019-09-25,309.798283
2019-10-02,293.534624
2019-10-09,300.280026
2019-10-16,300.966215
2019-10-23,309.866964
2019-10-30,298.240886
2019-11-06,303.880101
2019-11-13,295.908286
2019-11-20,307.61488
2019-11-27,306.736145
2019-12-04,305.145653
2019-12-11,295.472282
2019-12-18,295.377869
2019-12-25,283.607108
2020-01-01,252.292578
2020-01-08,283.978359
2020-01-15,299.501611
2020-01-22,306.260811
2020-01-29,307.405597
2020-02-05,309.961193
2020-02-12,312.072818
2020-02-19,320.523449
2020-02-26,321.296862
2020-03-04,321.37139
2020-03-11,336.832321
2020-03-18,329.089457
2020-03-25,313.907149
2020-04-01,308.818248
2020-04-08,302.22652
2020-04-15,298.250346
2020-04-22,304.639309
2020-04-29,301.71687
2020-05-06,297.742548
2020-05-13,289.759429
2020-05-20,297.429791
2020-05-27,285.108091
2020-06-03,282.592652
2020-06-10,272.972942
2020-06-17,266.860471
2020-06-24,257.209353
2020-07-01,238.753208
2020-07-08,240.104128
2020-07-15,243.16853045
2020-07-22,240.466794
2020-07-29,237.901028
2020-08-05,234.929872
2020-08-12,223.447925
2020-08-19,219.390407
2020-08-26,214.572846
2020-09-02,207.011278
2020-09-09,204.041978
2020-09-16,204.746898
2020-09-23,194.804087
2020-09-30,183.430008
2020-10-07,187.826839
2020-10-14,185.758885
2020-10-21,191.961289
2020-10-28,195.601872
2020-11-04,196.712233
2020-11-11,193.014441
2020-11-18,195.3223
2020-11-25,192.435387
2020-12-02,186.705902
2020-12-09,184.709548
2020-12-16,185.68498
2020-12-23,188.407622
2020-12-30,183.77987
2021-01-06,187.886402
2021-01-13,192.444444
2021-01-20,198.859562
2021-01-27,200.450638
2021-02-03,202.632969
2021-02-10,205.259337
2021-02-17,213.860776
2021-02-24,220.683875
2021-03-03,220.966872
2021-03-10,219.203897
2021-03-17,222.925275
2021-03-24,215.050855
2021-03-31,196.155288
2021-04-07,209.747246
2021-04-14,218.945173
2021-04-21,228.565222
2021-04-28,229.91415
2021-05-05,229.880829
2021-05-12,225.77221
2021-05-19,229.087129
2021-05-26,236.023783
2021-06-02,233.005227
2021-06-09,225.890948
2021-06-16,224.733504
2021-06-23,214.132821
2021-06-30,190.454172
2021-07-07,204.465457
2021-07-14,206.13971661
2021-07-21,206.41836961
2021-07-28,211.25579261
2021-08-04,212.37015568
2021-08-11,204.66174768
2021-08-18,204.00112468
2021-08-25,205.88847268
2021-09-01,202.83110268
2021-09-08,206.70098568
2021-09-15,217.2825415
2021-09-22,210.2108155
2021-09-29,191.5436675
2021-10-06,203.2434935
2021-10-13,201.5802165
2021-10-20,211.2877225
2021-10-27,211.9588515
2021-11-03,209.555436
2021-11-10,204.106012
2021-11-17,210.156505
2021-11-24,215.982366
2021-12-01,212.122236
2021-12-08,209.817322
2021-12-15,218.685376
2021-12-22,222.325314
2021-12-29,206.416283
2022-01-05,205.822001
2022-01-12,210.973206
2022-01-19,225.744065
2022-01-26,238.432494
2022-02-02,239.611086
2022-02-09,242.930591
2022-02-16,244.393134
2022-02-23,255.394853
2022-03-02,257.790627
2022-03-09,258.819409
2022-03-16,259.48964
2022-03-23,260.794633
2022-03-30,244.392334
2022-04-06,252.841218
2022-04-13,253.788614
2022-04-20,261.051442
2022-04-27,266.770416
