DATE,LTDACBW027SBOG
1973-01-03,93.1580
1973-01-10,93.9470
1973-01-17,94.1800
1973-01-24,94.8130
1973-01-31,95.1627
1973-02-07,96.2083
1973-02-14,96.9095
1973-02-21,97.7219
1973-02-28,98.9691
1973-03-07,100.2612
1973-03-14,101.4970
1973-03-21,101.9981
1973-03-28,102.7490
1973-04-04,103.0791
1973-04-11,103.9735
1973-04-18,103.8563
1973-04-25,104.3482
1973-05-02,104.6367
1973-05-09,105.8017
1973-05-16,106.1433
1973-05-23,106.9107
1973-05-30,107.2381
1973-06-06,107.1412
1973-06-13,107.3188
1973-06-20,106.6539
1973-06-27,107.3154
1973-07-04,107.4342
1973-07-11,107.7480
1973-07-18,108.6934
1973-07-25,110.0365
1973-08-01,111.1732
1973-08-08,112.4276
1973-08-15,113.5000
1973-08-22,114.3235
1973-08-29,114.9371
1973-09-05,114.9344
1973-09-12,115.0536
1973-09-19,115.3677
1973-09-26,115.5475
1973-10-03,115.0437
1973-10-10,114.9382
1973-10-17,115.0624
1973-10-24,115.3597
1973-10-31,115.0302
1973-11-07,114.1606
1973-11-14,113.7945
1973-11-21,113.9017
1973-11-28,113.9902
1973-12-05,113.9114
1973-12-12,114.9626
1973-12-19,114.7750
1973-12-26,115.4782
1974-01-02,115.8868
1974-01-09,116.7981
1974-01-16,117.2346
1974-01-23,118.1297
1974-01-30,118.5720
1974-02-06,118.4709
1974-02-13,118.6323
1974-02-20,118.6686
1974-02-27,119.0708
1974-03-06,119.2851
1974-03-13,119.8766
1974-03-20,119.9737
1974-03-27,120.9418
1974-04-03,122.1747
1974-04-10,123.6283
1974-04-17,124.2869
1974-04-24,125.6204
1974-05-01,126.0154
1974-05-08,127.1730
1974-05-15,127.8277
1974-05-22,129.2411
1974-05-29,129.7272
1974-06-05,129.8391
1974-06-12,130.1444
1974-06-19,130.0952
1974-06-26,130.5416
1974-07-03,131.1099
1974-07-10,131.2972
1974-07-17,132.5805
1974-07-24,133.8044
1974-07-31,134.4704
1974-08-07,135.1365
1974-08-14,135.7328
1974-08-21,136.3175
1974-08-28,136.8159
1974-09-04,136.8096
1974-09-11,137.1454
1974-09-18,136.8394
1974-09-25,137.4503
1974-10-02,138.1140
1974-10-09,138.0262
1974-10-16,138.0919
1974-10-23,138.3564
1974-10-30,137.3798
1974-11-06,136.8653
1974-11-13,136.8064
1974-11-20,136.5380
1974-11-27,137.2422
1974-12-04,137.9116
1974-12-11,139.7242
1974-12-18,141.1880
1974-12-25,142.0455
1975-01-01,138.0979
1975-01-08,138.1602
1975-01-15,138.4850
1975-01-22,138.9510
1975-01-29,139.1994
1975-02-05,139.7765
1975-02-12,141.3245
1975-02-19,141.0266
1975-02-26,140.7838
1975-03-05,140.9985
1975-03-12,141.0940
1975-03-19,141.4013
1975-03-26,141.1405
1975-04-02,142.1539
1975-04-09,143.0048
1975-04-16,143.5349
1975-04-23,143.8193
1975-04-30,143.4264
1975-05-07,143.1557
1975-05-14,143.4802
1975-05-21,142.9670
1975-05-28,142.0814
1975-06-04,142.7277
1975-06-11,142.8959
1975-06-18,142.9764
1975-06-25,142.2770
1975-07-02,142.0819
1975-07-09,143.1041
1975-07-16,142.8877
1975-07-23,142.9506
1975-07-30,142.8185
1975-08-06,143.3372
1975-08-13,143.2764
1975-08-20,142.6353
1975-08-27,141.9820
1975-09-03,142.7621
1975-09-10,142.9380
1975-09-17,142.6283
1975-09-24,142.6030
1975-10-01,142.6170
1975-10-08,143.3667
1975-10-15,143.1101
1975-10-22,143.2415
1975-10-29,142.7407
1975-11-05,141.3920
1975-11-12,141.2157
1975-11-19,140.6123
1975-11-26,140.6902
1975-12-03,141.2102
1975-12-10,140.5141
1975-12-17,140.5349
1975-12-24,140.1238
1975-12-31,140.8132
1976-01-07,140.0242
1976-01-14,140.6881
1976-01-21,140.4460
1976-01-28,140.4451
1976-02-04,140.3922
1976-02-11,140.8422
1976-02-18,140.7538
1976-02-25,140.5448
1976-03-03,140.1388
1976-03-10,140.4534
1976-03-17,140.6310
1976-03-24,140.4754
1976-03-31,141.6077
1976-04-07,141.8869
1976-04-14,141.9030
1976-04-21,141.3136
1976-04-28,140.8277
1976-05-05,140.7964
1976-05-12,140.1718
1976-05-19,140.3657
1976-05-26,140.7885
1976-06-02,141.9175
1976-06-09,142.5918
1976-06-16,143.4130
1976-06-23,143.8512
1976-06-30,144.3023
1976-07-07,144.3265
1976-07-14,144.5188
1976-07-21,144.0362
1976-07-28,143.6593
1976-08-04,143.2588
1976-08-11,142.8856
1976-08-18,142.6448
1976-08-25,142.1026
1976-09-01,142.2125
1976-09-08,141.9244
1976-09-15,141.5926
1976-09-22,141.4078
1976-09-29,141.5607
1976-10-06,141.6158
1976-10-13,141.4407
1976-10-20,140.9741
1976-10-27,140.2634
1976-11-03,139.4663
1976-11-10,139.8216
1976-11-17,139.3423
1976-11-24,139.0829
1976-12-01,139.1561
1976-12-08,139.4776
1976-12-15,139.1671
1976-12-22,139.5928
1976-12-29,140.1416
1977-01-05,140.7590
1977-01-12,140.7859
1977-01-19,141.6964
1977-01-26,141.7664
1977-02-02,142.4860
1977-02-09,143.7233
1977-02-16,144.3137
1977-02-23,143.8551
1977-03-02,144.2663
1977-03-09,145.0071
1977-03-16,145.1831
1977-03-23,145.6719
1977-03-30,146.6464
1977-04-06,147.2742
1977-04-13,147.2925
1977-04-20,147.2016
1977-04-27,147.1297
1977-05-04,147.6938
1977-05-11,148.2894
1977-05-18,149.1126
1977-05-25,149.2544
1977-06-01,150.0021
1977-06-08,151.0137
1977-06-15,151.4338
1977-06-22,152.1754
1977-06-29,152.1810
1977-07-06,152.5082
1977-07-13,152.9560
1977-07-20,152.8332
1977-07-27,153.0277
1977-08-03,153.8326
1977-08-10,153.6798
1977-08-17,153.7922
1977-08-24,153.5108
1977-08-31,153.8822
1977-09-07,153.5820
1977-09-14,153.6772
1977-09-21,153.2931
1977-09-28,153.9646
1977-10-05,154.5926
1977-10-12,154.7789
1977-10-19,155.5820
1977-10-26,155.4810
1977-11-02,155.8747
1977-11-09,156.1947
1977-11-16,156.6650
1977-11-23,156.7970
1977-11-30,157.0808
1977-12-07,157.6947
1977-12-14,158.2535
1977-12-21,158.6879
1977-12-28,158.4461
1978-01-04,159.4863
1978-01-11,160.3016
1978-01-18,161.6440
1978-01-25,162.1395
1978-02-01,163.0230
1978-02-08,164.1826
1978-02-15,165.2040
1978-02-22,165.7771
1978-03-01,166.7710
1978-03-08,168.3805
1978-03-15,169.0193
1978-03-22,169.9241
1978-03-29,170.7889
1978-04-05,172.0366
1978-04-12,172.5785
1978-04-19,173.6041
1978-04-26,174.3633
1978-05-03,175.5222
1978-05-10,175.7831
1978-05-17,176.1370
1978-05-24,176.8335
1978-05-31,177.1446
1978-06-07,178.2841
1978-06-14,178.6240
1978-06-21,178.3649
1978-06-28,178.8385
1978-07-05,180.1078
1978-07-12,180.8377
1978-07-19,181.0125
1978-07-26,180.9833
1978-08-02,181.5988
1978-08-09,181.8295
1978-08-16,181.5925
1978-08-23,181.9180
1978-08-30,182.6383
1978-09-06,183.2858
1978-09-13,184.2681
1978-09-20,183.5927
1978-09-27,182.8998
1978-10-04,182.9929
1978-10-11,182.7754
1978-10-18,183.9085
1978-10-25,184.8401
1978-11-01,186.3159
1978-11-08,187.2865
1978-11-15,188.3276
1978-11-22,188.5756
1978-11-29,188.8615
1978-12-06,189.3430
1978-12-13,189.7338
1978-12-20,189.2334
1978-12-27,188.1501
1979-01-03,194.3118
1979-01-10,194.6641
1979-01-17,194.9295
1979-01-24,194.2788
1979-01-31,194.5793
1979-02-07,194.3189
1979-02-14,194.8078
1979-02-21,194.8002
1979-02-28,194.9138
1979-03-07,195.3872
1979-03-14,195.4171
1979-03-21,195.6014
1979-03-28,196.8780
1979-04-04,197.4203
1979-04-11,197.5165
1979-04-18,197.2117
1979-04-25,197.2324
1979-05-02,196.7427
1979-05-09,196.3548
1979-05-16,196.0720
1979-05-23,196.4102
1979-05-30,196.7155
1979-06-06,195.4302
1979-06-13,197.3072
1979-06-20,198.2453
1979-06-27,199.4225
1979-07-04,200.6011
1979-07-11,200.4147
1979-07-18,200.9114
1979-07-25,201.5277
1979-08-01,202.0702
1979-08-08,202.2057
1979-08-15,202.3197
1979-08-22,203.2245
1979-08-29,203.8831
1979-09-05,203.9291
1979-09-12,206.4767
1979-09-19,207.3505
1979-09-26,207.9015
1979-10-03,208.7354
1979-10-10,208.2643
1979-10-17,209.5563
1979-10-24,209.6020
1979-10-31,210.7944
1979-11-07,210.7914
1979-11-14,211.0639
1979-11-21,211.1458
1979-11-28,211.1857
1979-12-05,212.0066
1979-12-12,212.0963
1979-12-19,212.1049
1979-12-26,210.8760
1980-01-02,211.9788
1980-01-09,214.1884
1980-01-16,215.1643
1980-01-23,215.5220
1980-01-30,215.5734
1980-02-06,216.9301
1980-02-13,218.0618
1980-02-20,218.4998
1980-02-27,218.9676
1980-03-05,220.8684
1980-03-12,221.7110
1980-03-19,223.2418
1980-03-26,223.5779
1980-04-02,225.9622
1980-04-09,227.9242
1980-04-16,228.6646
1980-04-23,229.9127
1980-04-30,229.9485
1980-05-07,229.7086
1980-05-14,229.7712
1980-05-21,229.4325
1980-05-28,229.3295
1980-06-04,229.5706
1980-06-11,230.4231
1980-06-18,231.4206
1980-06-25,230.9893
1980-07-02,230.5862
1980-07-09,231.1050
1980-07-16,231.2747
1980-07-23,231.3090
1980-07-30,230.1235
1980-08-06,230.4857
1980-08-13,231.7225
1980-08-20,232.0166
1980-08-27,232.1177
1980-09-03,233.3541
1980-09-10,234.6814
1980-09-17,234.4996
1980-09-24,235.4649
1980-10-01,234.8178
1980-10-08,236.3443
1980-10-15,236.3132
1980-10-22,237.8006
1980-10-29,239.3208
1980-11-05,240.4548
1980-11-12,243.1950
1980-11-19,245.0140
1980-11-26,245.8930
1980-12-03,247.2184
1980-12-10,248.3163
1980-12-17,251.1353
1980-12-24,254.0515
1980-12-31,257.0367
1981-01-07,260.8413
1981-01-14,262.0324
1981-01-21,264.6753
1981-01-28,265.7365
1981-02-04,266.3712
1981-02-11,266.0953
1981-02-18,267.3239
1981-02-25,267.7268
1981-03-04,267.4413
1981-03-11,269.1128
1981-03-18,270.9649
1981-03-25,269.8344
1981-04-01,271.6732
1981-04-08,272.3971
1981-04-15,273.6993
1981-04-22,274.9981
1981-04-29,275.4182
1981-05-06,277.0169
1981-05-13,278.1684
1981-05-20,279.7485
1981-05-27,280.0682
1981-06-03,282.4671
1981-06-10,282.7129
1981-06-17,283.4543
1981-06-24,284.9417
1981-07-01,284.4714
1981-07-08,286.3424
1981-07-15,287.0045
1981-07-22,287.8807
1981-07-29,289.0645
1981-08-05,289.9307
1981-08-12,290.8571
1981-08-19,290.0402
1981-08-26,290.9768
1981-09-02,292.8839
1981-09-09,292.2889
1981-09-16,292.6571
1981-09-23,293.6578
1981-09-30,293.7478
1981-10-07,295.8562
1981-10-14,295.0593
1981-10-21,294.5322
1981-10-28,294.7034
1981-11-04,293.9890
1981-11-11,295.0451
1981-11-18,295.5145
1981-11-25,297.1547
1981-12-02,297.0683
1981-12-09,296.8160
1981-12-16,297.8224
1981-12-23,297.8870
1981-12-30,299.7784
1982-01-06,300.4669
1982-01-13,302.6208
1982-01-20,303.7145
1982-01-27,305.5372
1982-02-03,305.9188
1982-02-10,306.0931
1982-02-17,305.4152
1982-02-24,308.7630
1982-03-03,309.7561
1982-03-10,310.0294
1982-03-17,310.5927
1982-03-24,312.9071
1982-03-31,314.3645
1982-04-07,315.8538
1982-04-14,316.3138
1982-04-21,316.3621
1982-04-28,316.7218
1982-05-05,317.5769
1982-05-12,317.8559
1982-05-19,318.0826
1982-05-26,320.4788
1982-06-02,320.9447
1982-06-09,322.1950
1982-06-16,321.9196
1982-06-23,322.3328
1982-06-30,323.9828
1982-07-07,324.6508
1982-07-14,326.8587
1982-07-21,327.8837
1982-07-28,328.4418
1982-08-04,329.7974
1982-08-11,328.3533
1982-08-18,330.8544
1982-08-25,331.1111
1982-09-01,331.3628
1982-09-08,331.4088
1982-09-15,331.2246
1982-09-22,332.8583
1982-09-29,332.3723
1982-10-06,332.2104
1982-10-13,333.1651
1982-10-20,333.2084
1982-10-27,332.0936
1982-11-03,332.0669
1982-11-10,331.3053
1982-11-17,330.1833
1982-11-24,331.0214
1982-12-01,329.8985
1982-12-08,330.2074
1982-12-15,327.0424
1982-12-22,325.8350
1982-12-29,324.4304
1983-01-05,323.1672
1983-01-12,321.8094
1983-01-19,320.1236
1983-01-26,318.8599
1983-02-02,318.2101
1983-02-09,316.8991
1983-02-16,315.5807
1983-02-23,314.1734
1983-03-02,313.9041
1983-03-09,313.0189
1983-03-16,312.4485
1983-03-23,313.4685
1983-03-30,313.8996
1983-04-06,312.6971
1983-04-13,312.2236
1983-04-20,311.7417
1983-04-27,310.7367
1983-05-04,309.9327
1983-05-11,309.8944
1983-05-18,309.2099
1983-05-25,308.0660
1983-06-01,307.5841
1983-06-08,308.5404
1983-06-15,307.7263
1983-06-22,308.3917
1983-06-29,308.3286
1983-07-06,308.6803
1983-07-13,308.6962
1983-07-20,308.0283
1983-07-27,308.1977
1983-08-03,308.6260
1983-08-10,308.5930
1983-08-17,308.5631
1983-08-24,308.8146
1983-08-31,309.2882
1983-09-07,309.4640
1983-09-14,309.5240
1983-09-21,309.0959
1983-09-28,308.7149
1983-10-05,308.1046
1983-10-12,308.3092
1983-10-19,309.7482
1983-10-26,310.3912
1983-11-02,311.3523
1983-11-09,312.2861
1983-11-16,312.5217
1983-11-23,313.8778
1983-11-30,314.6269
1983-12-07,314.9773
1983-12-14,315.7672
1983-12-21,317.1833
1983-12-28,317.2180
1984-01-04,307.2081
1984-01-11,307.6281
1984-01-18,305.5029
1984-01-25,305.4143
1984-02-01,304.1992
1984-02-08,303.4152
1984-02-15,304.4888
1984-02-22,305.4002
1984-02-29,306.2512
1984-03-07,309.1162
1984-03-14,309.8868
1984-03-21,309.0675
1984-03-28,310.5070
1984-04-04,311.3069
1984-04-11,310.3852
1984-04-18,309.9713
1984-04-25,311.3398
1984-05-02,313.4319
1984-05-09,317.5346
1984-05-16,320.4088
1984-05-23,325.4108
1984-05-30,326.5175
1984-06-06,325.9571
1984-06-13,327.5387
1984-06-20,327.3834
1984-06-27,330.0302
1984-07-04,329.6974
1984-07-11,330.8347
1984-07-18,330.2623
1984-07-25,331.1747
1984-08-01,329.1407
1984-08-08,329.1451
1984-08-15,329.1215
1984-08-22,328.1781
1984-08-29,327.6826
1984-09-05,325.7639
1984-09-12,327.0451
1984-09-19,327.4794
1984-09-26,329.3123
1984-10-03,328.7431
1984-10-10,328.3353
1984-10-17,329.5430
1984-10-24,331.1364
1984-10-31,330.6260
1984-11-07,330.8720
1984-11-14,331.1746
1984-11-21,332.3835
1984-11-28,331.1387
1984-12-05,333.1449
1984-12-12,333.8741
1984-12-19,336.4422
1984-12-26,335.0865
1985-01-02,336.3324
1985-01-09,338.7764
1985-01-16,337.7409
1985-01-23,338.8490
1985-01-30,338.2268
1985-02-06,335.9624
1985-02-13,336.7068
1985-02-20,336.8263
1985-02-27,339.2521
1985-03-06,339.6654
1985-03-13,340.4335
1985-03-20,340.655
1985-03-27,341.0662
1985-04-03,338.1393
1985-04-10,336.4485
1985-04-17,336.5587
1985-04-24,336.1597
1985-05-01,335.0416
1985-05-08,333.9448
1985-05-15,334.0165
1985-05-22,332.5148
1985-05-29,332.2741
1985-06-05,331.904
1985-06-12,331.835
1985-06-19,331.6531
1985-06-26,330.4341
1985-07-03,332.0808
1985-07-10,329.7179
1985-07-17,329.747
1985-07-24,331.0667
1985-07-31,331.0764
1985-08-07,331.9651
1985-08-14,333.0094
1985-08-21,333.9452
1985-08-28,334.634
1985-09-04,334.9632
1985-09-11,335.4976
1985-09-18,336.0658
1985-09-25,337.5512
1985-10-02,339.1364
1985-10-09,339.1214
1985-10-16,340.1486
1985-10-23,339.6611
1985-10-30,339.9386
1985-11-06,340.4329
1985-11-13,341.1544
1985-11-20,339.8031
1985-11-27,341.4821
1985-12-04,341.282
1985-12-11,341.3265
1985-12-18,340.9871
1985-12-25,341.7378
1986-01-01,346.405
1986-01-08,348.9264
1986-01-15,348.9371
1986-01-22,349.7147
1986-01-29,349.6583
1986-02-05,350.9779
1986-02-12,348.9504
1986-02-19,349.4774
1986-02-26,346.9168
1986-03-05,346.8828
1986-03-12,346.1022
1986-03-19,346.0425
1986-03-26,345.9187
1986-04-02,348.1572
1986-04-09,347.9489
1986-04-16,346.5331
1986-04-23,343.5723
1986-04-30,342.9668
1986-05-07,342.7035
1986-05-14,341.673
1986-05-21,340.83
1986-05-28,340.1064
1986-06-04,339.389
1986-06-11,339.3335
1986-06-18,339.3202
1986-06-25,341.6929
1986-07-02,342.5524
1986-07-09,341.461
1986-07-16,343.8039
1986-07-23,343.5796
1986-07-30,344.6944
1986-08-06,344.9881
1986-08-13,346.0076
1986-08-20,346.8953
1986-08-27,347.853
1986-09-03,347.9069
1986-09-10,346.8454
1986-09-17,347.7371
1986-09-24,347.4902
1986-10-01,348.0533
1986-10-08,345.4175
1986-10-15,346.801
1986-10-22,345.437
1986-10-29,345.5594
1986-11-05,346.5092
1986-11-12,348.0823
1986-11-19,346.538
1986-11-26,347.7371
1986-12-03,347.4872
1986-12-10,346.88
1986-12-17,348.0263
1986-12-24,351.8776
1986-12-31,355.1142
1987-01-07,350.5348
1987-01-14,351.7203
1987-01-21,352.7167
1987-01-28,352.8834
1987-02-04,351.9672
1987-02-11,351.3718
1987-02-18,352.5354
1987-02-25,353.86
1987-03-04,355.4748
1987-03-11,355.4035
1987-03-18,356.1451
1987-03-25,355.5306
1987-04-01,358.4584
1987-04-08,359.6944
1987-04-15,361.3114
1987-04-22,362.985
1987-04-29,365.8915
1987-05-06,367.0991
1987-05-13,368.7827
1987-05-20,371.1954
1987-05-27,373.5487
1987-06-03,374.8183
1987-06-10,374.7698
1987-06-17,374.5965
1987-06-24,376.5383
1987-07-01,374.2845
1987-07-08,377.2091
1987-07-15,377.8167
1987-07-22,376.3437
1987-07-29,376.6064
1987-08-05,377.8039
1987-08-12,377.9465
1987-08-19,376.971
1987-08-26,376.8705
1987-09-02,377.1832
1987-09-09,377.0245
1987-09-16,377.5057
1987-09-23,379.1633
1987-09-30,379.474
1987-10-07,382.3315
1987-10-14,384.3982
1987-10-21,385.9681
1987-10-28,388.6962
1987-11-04,391.6052
1987-11-11,391.8226
1987-11-18,392.3963
1987-11-25,393.5325
1987-12-02,392.5533
1987-12-09,393.0913
1987-12-16,394.2349
1987-12-23,396.0752
1987-12-30,396.1176
1988-01-06,397.3144
1988-01-13,396.7916
1988-01-20,396.1822
1988-01-27,397.2532
1988-02-03,398.2094
1988-02-10,398.0554
1988-02-17,399.5142
1988-02-24,398.5752
1988-03-02,398.5103
1988-03-09,399.4157
1988-03-16,401.2768
1988-03-23,399.6626
1988-03-30,400.8106
1988-04-06,401.2606
1988-04-13,399.1751
1988-04-20,399.8091
1988-04-27,400.2859
1988-05-04,402.0889
1988-05-11,401.5517
1988-05-18,401.9558
1988-05-25,402.9773
1988-06-01,402.3464
1988-06-08,402.7809
1988-06-15,406.1409
1988-06-22,405.9636
1988-06-29,407.6372
1988-07-06,406.8718
1988-07-13,407.4488
1988-07-20,408.7161
1988-07-27,410.7217
1988-08-03,413.09
1988-08-10,413.2141
1988-08-17,412.8004
1988-08-24,414.2367
1988-08-31,414.3126
1988-09-07,417.404
1988-09-14,417.5972
1988-09-21,419.617
1988-09-28,418.9269
1988-10-05,422.0236
1988-10-12,423.4841
1988-10-19,424.007
1988-10-26,425.0437
1988-11-02,424.9227
1988-11-09,424.9924
1988-11-16,427.0449
1988-11-23,428.9176
1988-11-30,429.0633
1988-12-07,431.1434
1988-12-14,430.9353
1988-12-21,432.557
1988-12-28,433.1435
1989-01-04,434.8508
1989-01-11,435.9631
1989-01-18,437.0832
1989-01-25,436.8752
1989-02-01,437.3438
1989-02-08,436.9329
1989-02-15,438.571
1989-02-22,439.6999
1989-03-01,445.3279
1989-03-08,444.7264
1989-03-15,447.3316
1989-03-22,447.6229
1989-03-29,450.2708
1989-04-05,455.6421
1989-04-12,455.5515
1989-04-19,455.0001
1989-04-26,455.6774
1989-05-03,455.1282
1989-05-10,455.7802
1989-05-17,456.3898
1989-05-24,456.0013
1989-05-31,456.5851
1989-06-07,457.8487
1989-06-14,457.3157
1989-06-21,458.0801
1989-06-28,460.3484
1989-07-05,463.168
1989-07-12,462.6485
1989-07-19,463.343
1989-07-26,463.4194
1989-08-02,462.5222
1989-08-09,463.7857
1989-08-16,465.2987
1989-08-23,463.3757
1989-08-30,462.9934
1989-09-06,464.0635
1989-09-13,463.9479
1989-09-20,463.754
1989-09-27,464.2114
1989-10-04,465.8929
1989-10-11,465.3539
1989-10-18,467.0792
1989-10-25,468.4663
1989-11-01,467.6384
1989-11-08,467.2273
1989-11-15,470.0412
1989-11-22,467.4905
1989-11-29,464.5393
1989-12-06,464.934
1989-12-13,464.1136
1989-12-20,463.6057
1989-12-27,460.3317
1990-01-03,462.9569
1990-01-10,462.3904
1990-01-17,463.1771
1990-01-24,461.0403
1990-01-31,461.2517
1990-02-07,461.7569
1990-02-14,461.5049
1990-02-21,462.3644
1990-02-28,458.3506
1990-03-07,460.8739
1990-03-14,458.3899
1990-03-21,459.0725
1990-03-28,459.3967
1990-04-04,461.8129
1990-04-11,461.5057
1990-04-18,458.171
1990-04-25,458.0582
1990-05-02,458.9069
1990-05-09,458.5145
1990-05-16,457.2853
1990-05-23,455.5587
1990-05-30,454.3951
1990-06-06,454.0978
1990-06-13,453.3966
1990-06-20,453.5744
1990-06-27,455.317
1990-07-04,459.3701
1990-07-11,457.6987
1990-07-18,456.9097
1990-07-25,454.329
1990-08-01,454.3804
1990-08-08,452.8292
1990-08-15,453.1888
1990-08-22,449.7741
1990-08-29,448.5015
1990-09-05,449.161
1990-09-12,448.6101
1990-09-19,446.7629
1990-09-26,445.3555
1990-10-03,445.4312
1990-10-10,443.206
1990-10-17,444.0503
1990-10-24,443.7999
1990-10-31,443.9229
1990-11-07,443.086
1990-11-14,443.3688
1990-11-21,441.7151
1990-11-28,438.6935
1990-12-05,438.3693
1990-12-12,436.1242
1990-12-19,436.4262
1990-12-26,437.107
1991-01-02,440.1796
1991-01-09,444.5432
1991-01-16,448.6343
1991-01-23,451.9571
1991-01-30,451.5845
1991-02-06,455.601
1991-02-13,457.9085
1991-02-20,459.6768
1991-02-27,458.7733
1991-03-06,457.3171
1991-03-13,458.8839
1991-03-20,457.843
1991-03-27,458.1892
1991-04-03,457.0675
1991-04-10,459.9996
1991-04-17,459.1602
1991-04-24,459.9242
1991-05-01,458.4938
1991-05-08,456.5158
1991-05-15,458.06
1991-05-22,459.5974
1991-05-29,458.8931
1991-06-05,458.2966
1991-06-12,458.8218
1991-06-19,457.838
1991-06-26,458.4679
1991-07-03,458.5367
1991-07-10,455.6594
1991-07-17,455.8669
1991-07-24,457.0606
1991-07-31,456.8168
1991-08-07,455.1974
1991-08-14,453.8593
1991-08-21,454.6443
1991-08-28,456.0819
1991-09-04,454.5066
1991-09-11,451.4616
1991-09-18,452.1308
1991-09-25,454.624
1991-10-02,452.0357
1991-10-09,446.2387
1991-10-16,441.1356
1991-10-23,441.4703
1991-10-30,443.3189
1991-11-06,441.4289
1991-11-13,443.1179
1991-11-20,444.2455
1991-11-27,443.3972
1991-12-04,440.8999
1991-12-11,440.3476
1991-12-18,441.1589
1991-12-25,440.2651
1992-01-01,439.1296
1992-01-08,437.6801
1992-01-15,433.99
1992-01-22,435.0741
1992-01-29,437.6414
1992-02-05,435.1568
1992-02-12,430.888
1992-02-19,425.6428
1992-02-26,426.9816
1992-03-04,424.8764
1992-03-11,424.4218
1992-03-18,422.5096
1992-03-25,420.3056
1992-04-01,418.3164
1992-04-08,417.2615
1992-04-15,414.8973
1992-04-22,412.7755
1992-04-29,408.1388
1992-05-06,408.4535
1992-05-13,408.4202
1992-05-20,409.1004
1992-05-27,407.7359
1992-06-03,408.715
1992-06-10,406.7743
1992-06-17,404.9846
1992-06-24,405.5747
1992-07-01,402.8218
1992-07-08,403.347
1992-07-15,401.9947
1992-07-22,401.9979
1992-07-29,402.1896
1992-08-05,400.055
1992-08-12,401.2951
1992-08-19,399.5233
1992-08-26,400.1871
1992-09-02,398.6772
1992-09-09,399.2339
1992-09-16,395.654
1992-09-23,393.7615
1992-09-30,387.3403
1992-10-07,390.5127
1992-10-14,390.785
1992-10-21,388.8067
1992-10-28,384.5013
1992-11-04,385.8227
1992-11-11,383.7824
1992-11-18,382.2263
1992-11-25,382.6625
1992-12-02,381.0523
1992-12-09,378.5539
1992-12-16,375.7446
1992-12-23,375.6906
1992-12-30,374.6959
1993-01-06,370.2578
1993-01-13,373.9947
1993-01-20,373.6524
1993-01-27,371.7442
1993-02-03,372.7534
1993-02-10,370.7893
1993-02-17,369.3024
1993-02-24,371.0506
1993-03-03,369.4018
1993-03-10,366.8367
1993-03-17,365.8375
1993-03-24,366.6784
1993-03-31,366.0196
1993-04-07,364.0105
1993-04-14,364.1054
1993-04-21,365.7307
1993-04-28,366.397
1993-05-05,367.9377
1993-05-12,366.552
1993-05-19,365.4011
1993-05-26,364.5496
1993-06-02,366.9539
1993-06-09,364.4341
1993-06-16,366.476
1993-06-23,365.8164
1993-06-30,360.6758
1993-07-07,361.539
1993-07-14,358.2728
1993-07-21,354.6797
1993-07-28,352.2417
1993-08-04,354.3798
1993-08-11,352.201
1993-08-18,349.0478
1993-08-25,350.4422
1993-09-01,346.5621
1993-09-08,347.0363
1993-09-15,348.8487
1993-09-22,346.7269
1993-09-29,346.9048
1993-10-06,345.5748
1993-10-13,345.1557
1993-10-20,342.2946
1993-10-27,342.5996
1993-11-03,345.5977
1993-11-10,343.9842
1993-11-17,343.5801
1993-11-24,345.0461
1993-12-01,347.8816
1993-12-08,349.4219
1993-12-15,349.223
1993-12-22,347.7278
1993-12-29,346.1681
1994-01-05,348.5537
1994-01-12,350.9139
1994-01-19,349.4274
1994-01-26,350.2777
1994-02-02,342.9454
1994-02-09,344.3434
1994-02-16,343.2531
1994-02-23,341.424
1994-03-02,337.8445
1994-03-09,334.9485
1994-03-16,335.2494
1994-03-23,335.6034
1994-03-30,335.3825
1994-04-06,333.6817
1994-04-13,336.6199
1994-04-20,340.4654
1994-04-27,337.7579
1994-05-04,342.511
1994-05-11,340.4277
1994-05-18,340.8268
1994-05-25,342.1572
1994-06-01,339.2995
1994-06-08,337.1649
1994-06-15,337.9784
1994-06-22,335.8254
1994-06-29,338.1486
1994-07-06,338.6578
1994-07-13,342.0371
1994-07-20,344.2268
1994-07-27,346.2785
1994-08-03,342.9468
1994-08-10,345.1861
1994-08-17,347.4577
1994-08-24,347.9291
1994-08-31,348.2883
1994-09-07,349.9658
1994-09-14,351.7311
1994-09-21,351.9228
1994-09-28,352.5078
1994-10-05,352.6796
1994-10-12,353.9767
1994-10-19,356.3894
1994-10-26,357.7866
1994-11-02,357.0041
1994-11-09,359.551
1994-11-16,360.1325
1994-11-23,363.1107
1994-11-30,362.8852
1994-12-07,365.3012
1994-12-14,366.25
1994-12-21,363.6464
1994-12-28,365.7987
1995-01-04,362.7408
1995-01-11,365.3192
1995-01-18,368.2034
1995-01-25,374.7666
1995-02-01,371.1137
1995-02-08,372.6854
1995-02-15,374.1815
1995-02-22,377.0677
1995-03-01,376.076
1995-03-08,379.8764
1995-03-15,382.4696
1995-03-22,383.3517
1995-03-29,384.6192
1995-04-05,383.8538
1995-04-12,386.787
1995-04-19,389.0361
1995-04-26,393.3213
1995-05-03,390.4146
1995-05-10,391.3068
1995-05-17,392.6642
1995-05-24,393.7195
1995-05-31,397.4212
1995-06-07,403.4722
1995-06-14,403.21
1995-06-21,400.3736
1995-06-28,397.5107
1995-07-05,391.7513
1995-07-12,402.0593
1995-07-19,404.1091
1995-07-26,408.9952
1995-08-02,411.0341
1995-08-09,410.1324
1995-08-16,409.6096
1995-08-23,413.9392
1995-08-30,413.2017
1995-09-06,414.0895
1995-09-13,413.7253
1995-09-20,411.4663
1995-09-27,417.0212
1995-10-04,416.6313
1995-10-11,414.9158
1995-10-18,417.3683
1995-10-25,417.4857
1995-11-01,421.1518
1995-11-08,418.9169
1995-11-15,417.2747
1995-11-22,415.2329
1995-11-29,413.5258
1995-12-06,413.1332
1995-12-13,414.0672
1995-12-20,418.7212
1995-12-27,414.9935
1996-01-03,417.2102
1996-01-10,418.1607
1996-01-17,420.0627
1996-01-24,417.7304
1996-01-31,419.6234
1996-02-07,422.0468
1996-02-14,420.0754
1996-02-21,419.7518
1996-02-28,424.4188
1996-03-06,425.5128
1996-03-13,428.858
1996-03-20,429.7538
1996-03-27,430.7448
1996-04-03,434.383
1996-04-10,428.0836
1996-04-17,432.3732
1996-04-24,438.3373
1996-05-01,436.4172
1996-05-08,437.993
1996-05-15,442.5605
1996-05-22,445.9875
1996-05-29,446.2507
1996-06-05,445.0111
1996-06-12,447.3063
1996-06-19,445.3751
1996-06-26,448.5322
1996-07-03,448.6035
1996-07-10,450.9977
1996-07-17,454.8722
1996-07-24,454.1971
1996-07-31,451.5438
1996-08-07,453.7252
1996-08-14,457.7683
1996-08-21,460.7855
1996-08-28,465.8003
1996-09-04,465.6421
1996-09-11,462.7308
1996-09-18,471.8988
1996-09-25,476.2296
1996-10-02,482.1428
1996-10-09,486.9926
1996-10-16,491.7975
1996-10-23,500.5422
1996-10-30,497.0305
1996-11-06,494.7479
1996-11-13,495.7498
1996-11-20,494.1926
1996-11-27,500.8616
1996-12-04,505.2887
1996-12-11,508.8336
1996-12-18,510.2216
1996-12-25,519.5812
1997-01-01,525.6505
1997-01-08,522.1117
1997-01-15,521.5196
1997-01-22,520.4635
1997-01-29,528.5279
1997-02-05,530.802
1997-02-12,532.9933
1997-02-19,536.1392
1997-02-26,534.4914
1997-03-05,541.0764
1997-03-12,539.1208
1997-03-19,540.2703
1997-03-26,545.4953
1997-04-02,544.7255
1997-04-09,553.7662
1997-04-16,557.6408
1997-04-23,556.7681
1997-04-30,559.7803
1997-05-07,561.325
1997-05-14,560.0482
1997-05-21,554.139
1997-05-28,564.7802
1997-06-04,565.3337
1997-06-11,572.6417
1997-06-18,579.897
1997-06-25,591.2826
1997-07-02,593.8492
1997-07-09,597.7429
1997-07-16,594.8039
1997-07-23,600.8585
1997-07-30,603.4394
1997-08-06,604.8118
1997-08-13,603.3181
1997-08-20,618.1217
1997-08-27,613.7982
1997-09-03,617.7854
1997-09-10,619.87
1997-09-17,623.4722
1997-09-24,619.6592
1997-10-01,625.2275
1997-10-08,623.8123
1997-10-15,622.8087
1997-10-22,622.9452
1997-10-29,629.1909
1997-11-05,628.7755
1997-11-12,632.8783
1997-11-19,629.1692
1997-11-26,634.1903
1997-12-03,636.578
1997-12-10,636.5388
1997-12-17,639.0094
1997-12-24,641.2992
1997-12-31,631.3404
1998-01-07,638.6576
1998-01-14,637.4621
1998-01-21,640.9145
1998-01-28,639.3467
1998-02-04,640.6369
1998-02-11,645.7226
1998-02-18,649.8389
1998-02-25,653.0604
1998-03-04,662.0469
1998-03-11,672.0374
1998-03-18,675.6575
1998-03-25,678.309
1998-04-01,679.0737
1998-04-08,672.4994
1998-04-15,664.1156
1998-04-22,660.8254
1998-04-29,658.8143
1998-05-06,662.5543
1998-05-13,664.2417
1998-05-20,665.1744
1998-05-27,661.4448
1998-06-03,674.0614
1998-06-10,680.502
1998-06-17,677.6506
1998-06-24,678.5233
1998-07-01,676.2435
1998-07-08,670.2398
1998-07-15,664.0866
1998-07-22,667.5599
1998-07-29,671.5255
1998-08-05,678.9203
1998-08-12,678.8239
1998-08-19,677.8628
1998-08-26,681.8179
1998-09-02,689.5443
1998-09-09,686.413
1998-09-16,693.9729
1998-09-23,697.7164
1998-09-30,688.487
1998-10-07,697.0343
1998-10-14,705.2937
1998-10-21,705.1813
1998-10-28,704.7194
1998-11-04,702.9318
1998-11-11,707.6065
1998-11-18,712.7794
1998-11-25,714.0664
1998-12-02,710.2893
1998-12-09,704.723
1998-12-16,701.3261
1998-12-23,698.776
1998-12-30,700.787
1999-01-06,704.098
1999-01-13,705.0109
1999-01-20,707.2001
1999-01-27,709.0381
1999-02-03,713.6922
1999-02-10,712.4045
1999-02-17,715.9398
1999-02-24,717.3167
1999-03-03,720.0487
1999-03-10,719.1789
1999-03-17,722.9196
1999-03-24,715.0158
1999-03-31,708.5137
1999-04-07,710.0071
1999-04-14,720.7663
1999-04-21,717.4566
1999-04-28,718.4767
1999-05-05,715.9903
1999-05-12,712.9237
1999-05-19,717.2742
1999-05-26,715.6337
1999-06-02,716.3957
1999-06-09,709.6906
1999-06-16,713.3177
1999-06-23,717.4364
1999-06-30,716.644
1999-07-07,722.2558
1999-07-14,725.2339
1999-07-21,719.6357
1999-07-28,714.7076
1999-08-04,720.5952
1999-08-11,723.0349
1999-08-18,724.7842
1999-08-25,723.9408
1999-09-01,728.0412
1999-09-08,731.619
1999-09-15,735.6458
1999-09-22,739.3433
1999-09-29,748.4248
1999-10-06,753.1539
1999-10-13,760.7239
1999-10-20,766.3445
1999-10-27,768.9908
1999-11-03,779.8876
1999-11-10,790.605
1999-11-17,795.3748
1999-11-24,809.0944
1999-12-01,813.0467
1999-12-08,822.5684
1999-12-15,833.8588
1999-12-22,836.5892
1999-12-29,841.3355
2000-01-05,844.602
2000-01-12,840.3559
2000-01-19,836.4027
2000-01-26,837.6828
2000-02-02,838.4925
2000-02-09,834.7122
2000-02-16,846.0329
2000-02-23,843.7758
2000-03-01,851.2006
2000-03-08,848.0956
2000-03-15,851.049
2000-03-22,851.9219
2000-03-29,852.2635
2000-04-05,856.9714
2000-04-12,857.4772
2000-04-19,858.6072
2000-04-26,862.6981
2000-05-03,873.006
2000-05-10,871.8024
2000-05-17,860.2394
2000-05-24,864.7052
2000-05-31,862.064
2000-06-07,872.0094
2000-06-14,883.3711
2000-06-21,881.2319
2000-06-28,881.5743
2000-07-05,884.3881
2000-07-12,886.4136
2000-07-19,896.1059
2000-07-26,903.2526
2000-08-02,905.9891
2000-08-09,912.4236
2000-08-16,916.5259
2000-08-23,909.8279
2000-08-30,909.7672
2000-09-06,907.8968
2000-09-13,907.5726
2000-09-20,916.5758
2000-09-27,909.9499
2000-10-04,905.2109
2000-10-11,904.5438
2000-10-18,904.5343
2000-10-25,906.5118
2000-11-01,908.2715
2000-11-08,907.3974
2000-11-15,905.7062
2000-11-22,907.2616
2000-11-29,903.8946
2000-12-06,911.2132
2000-12-13,918.5591
2000-12-20,922.2847
2000-12-27,924.8927
2001-01-03,942.1504
2001-01-10,936.6634
2001-01-17,933.7307
2001-01-24,925.7053
2001-01-31,922.3265
2001-02-07,924.3925
2001-02-14,924.7431
2001-02-21,930.727
2001-02-28,927.8798
2001-03-07,925.9106
2001-03-14,932.547
2001-03-21,923.9264
2001-03-28,940.4494
2001-04-04,946.1751
2001-04-11,941.2721
2001-04-18,941.298
2001-04-25,943.2111
2001-05-02,922.6089
2001-05-09,927.1845
2001-05-16,945.1073
2001-05-23,957.5017
2001-05-30,961.4868
2001-06-06,954.4843
2001-06-13,950.9933
2001-06-20,946.7413
2001-06-27,948.4311
2001-07-04,958.3254
2001-07-11,948.1248
2001-07-18,934.4696
2001-07-25,937.5329
2001-08-01,943.1416
2001-08-08,936.9276
2001-08-15,932.3753
2001-08-22,931.4486
2001-08-29,936.4984
2001-09-05,939.1395
2001-09-12,957.2965
2001-09-19,929.9373
2001-09-26,942.4651
2001-10-03,949.884
2001-10-10,953.6188
2001-10-17,955.3665
2001-10-24,955.9407
2001-10-31,960.0177
2001-11-07,957.7766
2001-11-14,968.194
2001-11-21,963.7449
2001-11-28,965.924
2001-12-05,968.4067
2001-12-12,973.1733
2001-12-19,971.7602
2001-12-26,973.6249
2002-01-02,972.1529
2002-01-09,971.3027
2002-01-16,976.869
2002-01-23,988.6494
2002-01-30,990.053
2002-02-06,994.7955
2002-02-13,992.2946
2002-02-20,992.0366
2002-02-27,999.1825
2002-03-06,994.7523
2002-03-13,988.5177
2002-03-20,1001.7876
2002-03-27,1020.5462
2002-04-03,1022.8318
2002-04-10,1019.6701
2002-04-17,1015.2751
2002-04-24,1009.1466
2002-05-01,1021.4683
2002-05-08,1021.1606
2002-05-15,1026.842
2002-05-22,1018.7819
2002-05-29,1016.3736
2002-06-05,1002.9802
2002-06-12,1004.1643
2002-06-19,1013.06
2002-06-26,1029.8043
2002-07-03,1024.9113
2002-07-10,1015.7156
2002-07-17,1031.6417
2002-07-24,1026.4106
2002-07-31,1021.4762
2002-08-07,1020.9074
2002-08-14,1026.7718
2002-08-21,1024.757
2002-08-28,1025.5074
2002-09-04,1026.7743
2002-09-11,1021.9637
2002-09-18,1029.2198
2002-09-25,1023.2886
2002-10-02,1024.4286
2002-10-09,1026.0738
2002-10-16,1020.9754
2002-10-23,1024.9249
2002-10-30,1027.1462
2002-11-06,1017.0045
2002-11-13,1019.5711
2002-11-20,1023.5028
2002-11-27,1016.1364
2002-12-04,1009.4761
2002-12-11,997.0491
2002-12-18,995.0659
2002-12-25,996.9773
2003-01-01,970.9525
2003-01-08,982.2377
2003-01-15,1000.441
2003-01-22,1003.9618
2003-01-29,1019.2348
2003-02-05,1024.004
2003-02-12,1017.3197
2003-02-19,1017.7752
2003-02-26,1024.0063
2003-03-05,1029.2997
2003-03-12,1030.9605
2003-03-19,1029.0801
2003-03-26,1011.0432
2003-04-02,1006.1089
2003-04-09,992.24
2003-04-16,993.3704
2003-04-23,1003.2805
2003-04-30,1008.9171
2003-05-07,1002.9075
2003-05-14,1004.681
2003-05-21,1001.9948
2003-05-28,1006.2636
2003-06-04,1008.3188
2003-06-11,996.9811
2003-06-18,1005.3207
2003-06-25,990.6157
2003-07-02,1005.0563
2003-07-09,1005.8258
2003-07-16,1005.1604
2003-07-23,1004.4497
2003-07-30,1001.1064
2003-08-06,1006.4872
2003-08-13,1003.373
2003-08-20,996.3783
2003-08-27,991.7129
2003-09-03,999.3897
2003-09-10,997.48
2003-09-17,990.4363
2003-09-24,1003.7526
2003-10-01,1003.6704
2003-10-08,994.927
2003-10-15,988.7922
2003-10-22,990.3392
2003-10-29,984.1544
2003-11-05,995.671
2003-11-12,998.3285
2003-11-19,997.0385
2003-11-26,999.1192
2003-12-03,1001.6243
2003-12-10,1005.3277
2003-12-17,1001.8189
2003-12-24,1004.1292
2003-12-31,1006.6838
2004-01-07,1016.788
2004-01-14,1025.4679
2004-01-21,1026.2718
2004-01-28,1024.912
2004-02-04,1028.1026
2004-02-11,1029.6392
2004-02-18,1034.2658
2004-02-25,1042.6804
2004-03-03,1049.6806
2004-03-10,1053.7356
2004-03-17,1050.154
2004-03-24,1059.4609
2004-03-31,1057.8755
2004-04-07,1060.1778
2004-04-14,1061.0702
2004-04-21,1064.8196
2004-04-28,1076.5336
2004-05-05,1087.1589
2004-05-12,1088.8192
2004-05-19,1092.4921
2004-05-26,1095.3779
2004-06-02,1104.3174
2004-06-09,1119.6542
2004-06-16,1117.0734
2004-06-23,1129.2862
2004-06-30,1117.8911
2004-07-07,1151.1527
2004-07-14,1160.4905
2004-07-21,1172.1557
2004-07-28,1179.0817
2004-08-04,1164.7125
2004-08-11,1157.2661
2004-08-18,1149.1389
2004-08-25,1162.6649
2004-09-01,1164.4117
2004-09-08,1152.8997
2004-09-15,1161.0137
2004-09-22,1166.233
2004-09-29,1157.3677
2004-10-06,1157.6421
2004-10-13,1167.1113
2004-10-20,1169.0234
2004-10-27,1170.8579
2004-11-03,1175.6889
2004-11-10,1179.0833
2004-11-17,1178.5717
2004-11-24,1195.0531
2004-12-01,1195.1879
2004-12-08,1194.7109
2004-12-15,1200.0753
2004-12-22,1198.7736
2004-12-29,1212.4033
2005-01-05,1230.2081
2005-01-12,1231.652
2005-01-19,1230.3779
2005-01-26,1231.4902
2005-02-02,1234.5039
2005-02-09,1237.7911
2005-02-16,1235.4791
2005-02-23,1250.271
2005-03-02,1237.7118
2005-03-09,1243.8921
2005-03-16,1246.9589
2005-03-23,1249.6091
2005-03-30,1259.8783
2005-04-06,1274.5201
2005-04-13,1293.4969
2005-04-20,1288.1929
2005-04-27,1285.3763
2005-05-04,1279.7419
2005-05-11,1288.4563
2005-05-18,1284.6557
2005-05-25,1298.4288
2005-06-01,1294.8249
2005-06-08,1313.5963
2005-06-15,1320.1165
2005-06-22,1324.617
2005-06-29,1323.8263
2005-07-06,1319.1072
2005-07-13,1313.1902
2005-07-20,1331.0514
2005-07-27,1333.3644
2005-08-03,1339.6495
2005-08-10,1346.0986
2005-08-17,1363.1005
2005-08-24,1373.084
2005-08-31,1372.6959
2005-09-07,1383.985
2005-09-14,1379.9675
2005-09-21,1380.2127
2005-09-28,1391.2745
2005-10-05,1390.241
2005-10-12,1397.1565
2005-10-19,1392.9505
2005-10-26,1397.5019
2005-11-02,1395.8289
2005-11-09,1406.286
2005-11-16,1403.4049
2005-11-23,1403.7037
2005-11-30,1403.3347
2005-12-07,1414.98
2005-12-14,1408.4864
2005-12-21,1432.7524
2005-12-28,1438.8861
2006-01-04,1444.5058
2006-01-11,1440.1287
2006-01-18,1439.4639
2006-01-25,1453.0131
2006-02-01,1445.2223
2006-02-08,1457.3318
2006-02-15,1474.3433
2006-02-22,1478.6731
2006-03-01,1487.2454
2006-03-08,1492.7491
2006-03-15,1515.1888
2006-03-22,1523.2598
2006-03-29,1519.2581
2006-04-05,1531.8523
2006-04-12,1547.8655
2006-04-19,1546.4238
2006-04-26,1551.7306
2006-05-03,1567.3206
2006-05-10,1554.2701
2006-05-17,1558.689
2006-05-24,1565.0968
2006-05-31,1581.8421
2006-06-07,1581.7549
2006-06-14,1581.2765
2006-06-21,1590.1552
2006-06-28,1605.6673
2006-07-05,1614.1472
2006-07-12,1625.0918
2006-07-19,1623.2855
2006-07-26,1617.5087
2006-08-02,1625.1647
2006-08-09,1609.9949
2006-08-16,1641.2862
2006-08-23,1645.9855
2006-08-30,1648.7302
2006-09-06,1664.0416
2006-09-13,1671.7743
2006-09-20,1653.1156
2006-09-27,1664.6525
2006-10-04,1692.6396
2006-10-11,1697.8134
2006-10-18,1692.3341
2006-10-25,1679.2285
2006-11-01,1682.248
2006-11-08,1699.6221
2006-11-15,1709.4849
2006-11-22,1721.0026
2006-11-29,1719.2019
2006-12-06,1716.7153
2006-12-13,1721.3527
2006-12-20,1715.9736
2006-12-27,1700.3375
2007-01-03,1721.5054
2007-01-10,1712.6474
2007-01-17,1719.0748
2007-01-24,1715.8007
2007-01-31,1718.5416
2007-02-07,1721.0915
2007-02-14,1733.5036
2007-02-21,1733.2075
2007-02-28,1733.9588
2007-03-07,1741.5281
2007-03-14,1719.259
2007-03-21,1725.068
2007-03-28,1735.4061
2007-04-04,1739.3551
2007-04-11,1747.1928
2007-04-18,1749.6628
2007-04-25,1741.6467
2007-05-02,1758.9647
2007-05-09,1770.1019
2007-05-16,1774.0332
2007-05-23,1784.4324
2007-05-30,1769.3316
2007-06-06,1768.0357
2007-06-13,1758.2488
2007-06-20,1754.5581
2007-06-27,1755.2147
2007-07-04,1760.9822
2007-07-11,1768.81
2007-07-18,1765.8676
2007-07-25,1765.4779
2007-08-01,1777.3411
2007-08-08,1794.1582
2007-08-15,1793.3126
2007-08-22,1805.1577
2007-08-29,1804.4003
2007-09-05,1811.6818
2007-09-12,1829.6939
2007-09-19,1850.7375
2007-09-26,1861.8802
2007-10-03,1867.9118
2007-10-10,1892.7876
2007-10-17,1933.5409
2007-10-24,1957.2799
2007-10-31,1995.3332
2007-11-07,2011.4937
2007-11-14,2027.7177
2007-11-21,2014.9984
2007-11-28,2014.8405
2007-12-05,2030.6144
2007-12-12,2013.2572
2007-12-19,2015.1766
2007-12-26,2006.3583
2008-01-02,2015.0453
2008-01-09,2033.5181
2008-01-16,2053.4321
2008-01-23,2045.2461
2008-01-30,2056.3446
2008-02-06,2079.0897
2008-02-13,2078.3961
2008-02-20,2074.9144
2008-02-27,2068.3505
2008-03-05,2090.6245
2008-03-12,2095.9888
2008-03-19,2104.1613
2008-03-26,2080.4198
2008-04-02,2089.6305
2008-04-09,2093.4812
2008-04-16,2087.6185
2008-04-23,2108.9999
2008-04-30,2081.5392
2008-05-07,2069.5896
2008-05-14,2091.5373
2008-05-21,2105.6238
2008-05-28,2101.9432
2008-06-04,2097.1281
2008-06-11,2098.9257
2008-06-18,2095.5685
2008-06-25,2098.2255
2008-07-02,2084.9898
2008-07-09,2081.7357
2008-07-16,2103.0628
2008-07-23,2088.9932
2008-07-30,2070.1225
2008-08-06,2079.1848
2008-08-13,2077.6085
2008-08-20,2081.7087
2008-08-27,2075.8896
2008-09-03,2086.2148
2008-09-10,2105.1404
2008-09-17,2152.4166
2008-09-24,2123.6912
2008-10-01,2108.996
2008-10-08,2052.3908
2008-10-15,2037.1447
2008-10-22,2036.5241
2008-10-29,2019.7087
2008-11-05,1960.2499
2008-11-12,1930.4014
2008-11-19,1894.2771
2008-11-26,1898.302
2008-12-03,1889.7665
2008-12-10,1906.1755
2008-12-17,1923.1546
2008-12-24,1922.8273
2008-12-31,1896.2571
2009-01-07,1891.282
2009-01-14,1915.077
2009-01-21,1912.68
2009-01-28,1892.5576
2009-02-04,1875.7801
2009-02-11,1867.1873
2009-02-18,1857.7102
2009-02-25,1837.3035
2009-03-04,1831.6331
2009-03-11,1820.5695
2009-03-18,1827.4154
2009-03-25,1837.816
2009-04-01,1844.9165
2009-04-08,1840.8935
2009-04-15,1841.0093
2009-04-22,1861.9495
2009-04-29,1859.7725
2009-05-06,1873.1691
2009-05-13,1896.9204
2009-05-20,1883.4867
2009-05-27,1880.4401
2009-06-03,1883.0256
2009-06-10,1885.0301
2009-06-17,1888.6614
2009-06-24,1882.4496
2009-07-01,1883.4093
2009-07-08,1887.0863
2009-07-15,1864.6067
2009-07-22,1874.1189
2009-07-29,1890.9628
2009-08-05,1897.2438
2009-08-12,1888.2047
2009-08-19,1879.7174
2009-08-26,1876.7873
2009-09-02,1884.9278
2009-09-09,1862.3968
2009-09-16,1854.1913
2009-09-23,1862.6698
2009-09-30,1875.1679
2009-10-07,1878.2194
2009-10-14,1874.6742
2009-10-21,1878.549
2009-10-28,1865.3015
2009-11-04,1866.592
2009-11-11,1867.88
2009-11-18,1885.8245
2009-11-25,1886.3915
2009-12-02,1883.1858
2009-12-09,1887.4992
2009-12-16,1886.253
2009-12-23,1887.8592
2009-12-30,1899.555
2010-01-06,1883.2887
2010-01-13,1877.7502
2010-01-20,1874.25
2010-01-27,1876.6828
2010-02-03,1882.3708
2010-02-10,1869.1194
2010-02-17,1860.0766
2010-02-24,1857.2395
2010-03-03,1842.6645
2010-03-10,1834.1325
2010-03-17,1836.9175
2010-03-24,1817.5043
2010-03-31,1814.2812
2010-04-07,1782.5156
2010-04-14,1785.4273
2010-04-21,1789.1731
2010-04-28,1772.2121
2010-05-05,1752.7659
2010-05-12,1738.7162
2010-05-19,1724.9647
2010-05-26,1712.9907
2010-06-02,1702.4236
2010-06-09,1718.5431
2010-06-16,1709.1801
2010-06-23,1714.0915
2010-06-30,1727.8043
2010-07-07,1729.3343
2010-07-14,1740.05
2010-07-21,1745.4872
2010-07-28,1755.201
2010-08-04,1762.4604
2010-08-11,1764.5151
2010-08-18,1762.5192
2010-08-25,1761.7298
2010-09-01,1752.8176
2010-09-08,1760.4494
2010-09-15,1766.6757
2010-09-22,1753.2736
2010-09-29,1745.4408
2010-10-06,1758.1249
2010-10-13,1766.8581
2010-10-20,1765.5547
2010-10-27,1758.9062
2010-11-03,1766.9411
2010-11-10,1771.038
2010-11-17,1765.4361
2010-11-24,1744.373
2010-12-01,1733.8711
2010-12-08,1736.3731
2010-12-15,1723.1838
2010-12-22,1716.1502
2010-12-29,1720.7165
2011-01-05,1721.1685
2011-01-12,1716.1824
2011-01-19,1707.5773
2011-01-26,1721.8564
2011-02-02,1708.2536
2011-02-09,1701.4782
2011-02-16,1716.9767
2011-02-23,1717.5314
2011-03-02,1726.6929
2011-03-09,1733.0349
2011-03-16,1728.0728
2011-03-23,1726.5427
2011-03-30,1726.9484
2011-04-06,1742.1454
2011-04-13,1751.8238
2011-04-20,1740.0188
2011-04-27,1751.8785
2011-05-04,1783.1965
2011-05-11,1790.5917
2011-05-18,1785.1436
2011-05-25,1789.8922
2011-06-01,1774.3903
2011-06-08,1748.0295
2011-06-15,1739.6828
2011-06-22,1732.7706
2011-06-29,1706.1122
2011-07-06,1679.0647
2011-07-13,1679.0975
2011-07-20,1659.1529
2011-07-27,1641.5569
2011-08-03,1586.6863
2011-08-10,1570.7077
2011-08-17,1552.2746
2011-08-24,1538.1687
2011-08-31,1547.8454
2011-09-07,1544.0652
2011-09-14,1552.3409
2011-09-21,1555.3332
2011-09-28,1563.3709
2011-10-05,1535.2272
2011-10-12,1529.7674
2011-10-19,1527.1904
2011-10-26,1522.0511
2011-11-02,1532.8753
2011-11-09,1516.1425
2011-11-16,1507.4516
2011-11-23,1497.8706
2011-11-30,1513.1003
2011-12-07,1504.7665
2011-12-14,1491.6001
2011-12-21,1485.7859
2011-12-28,1498.6333
2012-01-04,1489.1233
2012-01-11,1487.1246
2012-01-18,1477.8644
2012-01-25,1477.7574
2012-02-01,1474.615
2012-02-08,1481.0972
2012-02-15,1472.4445
2012-02-22,1472.9574
2012-02-29,1461.4055
2012-03-07,1466.8742
2012-03-14,1466.5961
2012-03-21,1466.9963
2012-03-28,1471.9123
2012-04-04,1471.5732
2012-04-11,1466.1518
2012-04-18,1468.5952
2012-04-25,1467.2341
2012-05-02,1467.3136
2012-05-09,1463.1133
2012-05-16,1455.6358
2012-05-23,1450.1529
2012-05-30,1457.877
2012-06-06,1471.5687
2012-06-13,1462.644
2012-06-20,1457.4886
2012-06-27,1471.4605
2012-07-04,1477.3942
2012-07-11,1478.5789
2012-07-18,1485.0862
2012-07-25,1487.3079
2012-08-01,1487.5328
2012-08-08,1497.7961
2012-08-15,1497.2955
2012-08-22,1500.8149
2012-08-29,1503.0873
2012-09-05,1501.6272
2012-09-12,1504.79
2012-09-19,1486.364
2012-09-26,1502.494
2012-10-03,1497.6431
2012-10-10,1497.0398
2012-10-17,1498.7233
2012-10-24,1491.9049
2012-10-31,1475.2661
2012-11-07,1484.1461
2012-11-14,1485.6133
2012-11-21,1494.7798
2012-11-28,1498.0639
2012-12-05,1503.1725
2012-12-12,1510.8651
2012-12-19,1527.3392
2012-12-26,1529.0132
2013-01-02,1540.1383
2013-01-09,1520.1309
2013-01-16,1531.5356
2013-01-23,1531.5504
2013-01-30,1536.9059
2013-02-06,1541.6629
2013-02-13,1540.3907
2013-02-20,1527.8623
2013-02-27,1541.9847
2013-03-06,1526.0475
2013-03-13,1523.9717
2013-03-20,1528.1418
2013-03-27,1546.763
2013-04-03,1523.3459
2013-04-10,1513.3184
2013-04-17,1498.972
2013-04-24,1513.8426
2013-05-01,1509.2599
2013-05-08,1506.3885
2013-05-15,1515.5131
2013-05-22,1531.4724
2013-05-29,1529.8703
2013-06-05,1539.9067
2013-06-12,1546.398
2013-06-19,1541.4946
2013-06-26,1538.114
2013-07-03,1553.98
2013-07-10,1552.1929
2013-07-17,1557.5891
2013-07-24,1557.3453
2013-07-31,1558.321
2013-08-07,1548.4634
2013-08-14,1553.068
2013-08-21,1553.4333
2013-08-28,1572.1704
2013-09-04,1574.1135
2013-09-11,1592.502
2013-09-18,1593.4928
2013-09-25,1594.0977
2013-10-02,1591.6319
2013-10-09,1578.8903
2013-10-16,1530.1752
2013-10-23,1557.1089
2013-10-30,1577.6957
2013-11-06,1580.7226
2013-11-13,1586.8315
2013-11-20,1600.4274
2013-11-27,1595.8315
2013-12-04,1590.0636
2013-12-11,1600.4475
2013-12-18,1609.2815
2013-12-25,1605.3501
2014-01-01,1606.9985
2014-01-08,1616.8718
2014-01-15,1625.8183
2014-01-22,1621.4
2014-01-29,1637.7049
2014-02-05,1621.5496
2014-02-12,1630.8551
2014-02-19,1623.9274
2014-02-26,1633.9785
2014-03-05,1630.2992
2014-03-12,1646.2525
2014-03-19,1648.4717
2014-03-26,1639.2449
2014-04-02,1653.2231
2014-04-09,1664.6092
2014-04-16,1677.2653
2014-04-23,1666.9937
2014-04-30,1678.0114
2014-05-07,1674.2499
2014-05-14,1677.5208
2014-05-21,1681.6129
2014-05-28,1679.8005
2014-06-04,1660.0831
2014-06-11,1653.6371
2014-06-18,1658.7627
2014-06-25,1651.9659
2014-07-02,1664.8121
2014-07-09,1667.823
2014-07-16,1666.6332
2014-07-23,1647.6861
2014-07-30,1655.1119
2014-08-06,1641.8262
2014-08-13,1636.9815
2014-08-20,1648.5586
2014-08-27,1668.4055
2014-09-03,1648.4615
2014-09-10,1646.6497
2014-09-17,1657.7499
2014-09-24,1664.933
2014-10-01,1645.3759
2014-10-08,1649.4737
2014-10-15,1639.8057
2014-10-22,1642.0164
2014-10-29,1648.0831
2014-11-05,1664.1336
2014-11-12,1681.1684
2014-11-19,1705.3647
2014-11-26,1713.2147
2014-12-03,1702.9651
2014-12-10,1708.7867
2014-12-17,1703.4206
2014-12-24,1701.0456
2014-12-31,1714.3117
2015-01-07,1710.6095
2015-01-14,1695.8493
2015-01-21,1699.8385
2015-01-28,1708.732
2015-02-04,1703.432
2015-02-11,1707.8523
2015-02-18,1714.0765
2015-02-25,1718.6442
2015-03-04,1713.4706
2015-03-11,1714.7319
2015-03-18,1710.1561
2015-03-25,1707.3594
2015-04-01,1696.3978
2015-04-08,1697.1332
2015-04-15,1677.7092
2015-04-22,1687.272
2015-04-29,1689.1983
2015-05-06,1688.9599
2015-05-13,1683.7195
2015-05-20,1690.4795
2015-05-27,1687.2565
2015-06-03,1694.7854
2015-06-10,1692.9864
2015-06-17,1688.2409
2015-06-24,1698.2182
2015-07-01,1683.0048
2015-07-08,1687.015
2015-07-15,1688.6117
2015-07-22,1709.1395
2015-07-29,1708.7021
2015-08-05,1706.7285
2015-08-12,1711.5634
2015-08-19,1709.5853
2015-08-26,1707.415
2015-09-02,1713.7869
2015-09-09,1709.315
2015-09-16,1680.467
2015-09-23,1697.3997
2015-09-30,1697.5231
2015-10-07,1723.3611
2015-10-14,1735.3931
2015-10-21,1730.8818
2015-10-28,1703.5583
2015-11-04,1710.1373
2015-11-11,1692.0483
2015-11-18,1698.9733
2015-11-25,1700.0479
2015-12-02,1695.0282
2015-12-09,1676.1841
2015-12-16,1658.4727
2015-12-23,1664.0064
2015-12-30,1654.3792
2016-01-06,1659.7412
2016-01-13,1661.6457
2016-01-20,1662.1923
2016-01-27,1657.1745
2016-02-03,1669.8267
2016-02-10,1670.5353
2016-02-17,1677.0377
2016-02-24,1678.4483
2016-03-02,1690.1223
2016-03-09,1696.4299
2016-03-16,1663.9316
2016-03-23,1669.9342
2016-03-30,1657.1758
2016-04-06,1655.1377
2016-04-13,1650.0024
2016-04-20,1643.1819
2016-04-27,1625.9918
2016-05-04,1642.642
2016-05-11,1640.6316
2016-05-18,1638.5177
2016-05-25,1638.5814
2016-06-01,1644.967
2016-06-08,1649.8333
2016-06-15,1664.3852
2016-06-22,1646.0533
2016-06-29,1630.0518
2016-07-06,1631.7482
2016-07-13,1614.9223
2016-07-20,1608.3942
2016-07-27,1590.6261
2016-08-03,1606.4323
2016-08-10,1591.7132
2016-08-17,1595.1469
2016-08-24,1580.2461
2016-08-31,1573.3473
2016-09-07,1549.5389
2016-09-14,1537.8115
2016-09-21,1530.8855
2016-09-28,1523.7504
2016-10-05,1499.2952
2016-10-12,1494.1552
2016-10-19,1509.964
2016-10-26,1519.3195
2016-11-02,1516.2615
2016-11-09,1517.5119
2016-11-16,1509.4212
2016-11-23,1502.6861
2016-11-30,1509.3144
2016-12-07,1510.9932
2016-12-14,1509.4593
2016-12-21,1519.0736
2016-12-28,1513.7817
2017-01-04,1522.9502
2017-01-11,1514.4762
2017-01-18,1529.6913
2017-01-25,1521.1728
2017-02-01,1523.9242
2017-02-08,1525.613
2017-02-15,1524.649
2017-02-22,1516.0141
2017-03-01,1520.0846
2017-03-08,1519.9062
2017-03-15,1519.776
2017-03-22,1547.887
2017-03-29,1553.4178
2017-04-05,1549.1188
2017-04-12,1553.0485
2017-04-19,1553.4238
2017-04-26,1557.6359
2017-05-03,1554.9769
2017-05-10,1560.0146
2017-05-17,1562.3407
2017-05-24,1573.8988
2017-05-31,1571.126
2017-06-07,1572.7742
2017-06-14,1557.6512
2017-06-21,1573.0672
2017-06-28,1577.5584
2017-07-05,1571.0155
2017-07-12,1572.8501
2017-07-19,1579.1568
2017-07-26,1581.0053
2017-08-02,1588.3708
2017-08-09,1601.0325
2017-08-16,1600.7193
2017-08-23,1598.8438
2017-08-30,1608.4788
2017-09-06,1618.2116
2017-09-13,1627.6096
2017-09-20,1628.8247
2017-09-27,1626.0356
2017-10-04,1614.4734
2017-10-11,1624.4709
2017-10-18,1624.4016
2017-10-25,1619.9816
2017-11-01,1624.7435
2017-11-08,1626.5909
2017-11-15,1633.4898
2017-11-22,1624.5191
2017-11-29,1619.0694
2017-12-06,1622.0968
2017-12-13,1612.6348
2017-12-20,1614.8313
2017-12-27,1597.1917
2018-01-03,1607.6952
2018-01-10,1611.8508
2018-01-17,1614.123
2018-01-24,1610.6898
2018-01-31,1614.8193
2018-02-07,1604.6482
2018-02-14,1592.4968
2018-02-21,1582.8556
2018-02-28,1587.1772
2018-03-07,1573.066
2018-03-14,1582.2659
2018-03-21,1571.4951
2018-03-28,1578.1167
2018-04-04,1574.1075
2018-04-11,1593.3228
2018-04-18,1607.046
2018-04-25,1607.8799
2018-05-02,1590.7069
2018-05-09,1589.2566
2018-05-16,1593.8946
2018-05-23,1601.6114
2018-05-30,1612.5319
2018-06-06,1604.2656
2018-06-13,1610.4322
2018-06-20,1618.3812
2018-06-27,1632.9977
2018-07-04,1643.4933
2018-07-11,1632.4659
2018-07-18,1635.0271
2018-07-25,1633.8376
2018-08-01,1640.6588
2018-08-08,1624.9221
2018-08-15,1629.5061
2018-08-22,1628.7833
2018-08-29,1640.3282
2018-09-05,1644.7635
2018-09-12,1665.5759
2018-09-19,1666.1473
2018-09-26,1675.452
2018-10-03,1692.487
2018-10-10,1698.2158
2018-10-17,1697.773
2018-10-24,1692.6479
2018-10-31,1699.0087
2018-11-07,1691.2834
2018-11-14,1678.3194
2018-11-21,1682.759
2018-11-28,1678.093
2018-12-05,1693.0268
2018-12-12,1689.5013
2018-12-19,1692.3481
2018-12-26,1709.6078
2019-01-02,1703.7649
2019-01-09,1715.1367
2019-01-16,1721.3053
2019-01-23,1729.1128
2019-01-30,1730.8275
2019-02-06,1732.2737
2019-02-13,1741.7446
2019-02-20,1748.9966
2019-02-27,1749.5289
2019-03-06,1759.976
2019-03-13,1764.8766
2019-03-20,1777.3116
2019-03-27,1780.179
2019-04-03,1787.7856
2019-04-10,1793.2634
2019-04-17,1793.1377
2019-04-24,1780.4812
2019-05-01,1803.8522
2019-05-08,1805.6618
2019-05-15,1802.6174
2019-05-22,1755.6697
2019-05-29,1751.5566
2019-06-05,1754.7139
2019-06-12,1760.1962
2019-06-19,1767.5574
2019-06-26,1776.4106
2019-07-03,1776.1023
2019-07-10,1772.5622
2019-07-17,1780.3165
2019-07-24,1769.8608
2019-07-31,1771.4659
2019-08-07,1776.8149
2019-08-14,1777.9952
2019-08-21,1793.5004
2019-08-28,1809.3779
2019-09-04,1809.1195
2019-09-11,1811.0842
2019-09-18,1810.3404
2019-09-25,1812.0543
2019-10-02,1828.791
2019-10-09,1839.5415
2019-10-16,1831.58
2019-10-23,1835.4608
2019-10-30,1834.8798
2019-11-06,1835.6904
2019-11-13,1844.0775
2019-11-20,1847.0985
2019-11-27,1868.3805
2019-12-04,1859.3901
2019-12-11,1859.1049
2019-12-18,1863.5823
2019-12-25,1861.3141
2020-01-01,1873.7728
2020-01-08,1858.5979
2020-01-15,1851.7389
2020-01-22,1844.7467
2020-01-29,1845.1313
2020-02-05,1840.6657
2020-02-12,1846.9353
2020-02-19,1842.1552
2020-02-26,1836.0871
2020-03-04,1815.4439
2020-03-11,1811.5045
2020-03-18,1781.1484
2020-03-25,1757.4875
2020-04-01,1785.9823
2020-04-08,1776.3735
2020-04-15,1784.1495
2020-04-22,1799.0784
2020-04-29,1801.0822
2020-05-06,1785.8013
2020-05-13,1781.2009
2020-05-20,1765.6985
2020-05-27,1757.8368
2020-06-03,1743.1147
2020-06-10,1732.6925
2020-06-17,1737.5833
2020-06-24,1736.5729
2020-07-01,1718.8008
2020-07-08,1713.5368
2020-07-15,1704.7419
2020-07-22,1718.2234
2020-07-29,1709.722
2020-08-05,1700.9131
2020-08-12,1687.3885
2020-08-19,1679.5858
2020-08-26,1639.8822
2020-09-02,1630.933
2020-09-09,1623.88
2020-09-16,1618.5028
2020-09-23,1617.9926
2020-09-30,1594.4568
2020-10-07,1585.7974
2020-10-14,1588.0287
2020-10-21,1578.7568
2020-10-28,1568.8201
2020-11-04,1551.748
2020-11-11,1555.6338
2020-11-18,1548.5906
2020-11-25,1546.8814
2020-12-02,1540.2605
2020-12-09,1540.196
2020-12-16,1532.3126
2020-12-23,1525.0976
2020-12-30,1518.081
2021-01-06,1505.4909
2021-01-13,1502.384
2021-01-20,1503.6671
2021-01-27,1513.3292
2021-02-03,1503.4224
2021-02-10,1495.1692
2021-02-17,1493.5616
2021-02-24,1493.207
2021-03-03,1488.9957
2021-03-10,1481.2234
2021-03-17,1486.5824
2021-03-24,1489.2301
2021-03-31,1474.2984
2021-04-07,1476.579
2021-04-14,1472.6049
2021-04-21,1467.9906
2021-04-28,1459.9764
2021-05-05,1451.5216
2021-05-12,1449.7046
2021-05-19,1458.0613
2021-05-26,1472.1124
2021-06-02,1464.6638
2021-06-09,1479.0617
2021-06-16,1460.7117
2021-06-23,1452.5284
2021-06-30,1442.8691
2021-07-07,1453.4427
2021-07-14,1450.59
2021-07-21,1441.1468
2021-07-28,1437.3258
2021-08-04,1439.9276
2021-08-11,1450.0099
2021-08-18,1451.6864
2021-08-25,1448.1956
2021-09-01,1451.3156
2021-09-08,1448.3441
2021-09-15,1452.5046
2021-09-22,1440.5858
2021-09-29,1441.0044
2021-10-06,1440.8135
2021-10-13,1439.7399
2021-10-20,1449.0427
2021-10-27,1453.0761
2021-11-03,1466.0632
2021-11-10,1477.1804
2021-11-17,1467.8183
2021-11-24,1464.8894
2021-12-01,1452.2783
2021-12-08,1450.1843
2021-12-15,1443.4084
2021-12-22,1436.331
2021-12-29,1423.2752
2022-01-05,1431.863
2022-01-12,1440.5522
2022-01-19,1439.7274
2022-01-26,1431.0769
2022-02-02,1439.0505
2022-02-09,1451.8668
2022-02-16,1453.0062
2022-02-23,1442.158
2022-03-02,1428.6285
2022-03-09,1432.3672
2022-03-16,1420.579
2022-03-23,1454.2892
2022-03-30,1454.385
2022-04-06,1480.4476
2022-04-13,1480.0359
2022-04-20,1483.2249
