DATE,NONM1
1975-01-06,260.100
1975-01-13,260.900
1975-01-20,261.500
1975-01-27,262.400
1975-02-03,261.700
1975-02-10,262.800
1975-02-17,264.000
1975-02-24,265.600
1975-03-03,266.300
1975-03-10,267.300
1975-03-17,268.500
1975-03-24,269.400
1975-03-31,270.900
1975-04-07,271.500
1975-04-14,273.100
1975-04-21,274.400
1975-04-28,275.400
1975-05-05,275.800
1975-05-12,276.600
1975-05-19,277.200
1975-05-26,278.500
1975-06-02,279.600
1975-06-09,280.800
1975-06-16,282.600
1975-06-23,284.500
1975-06-30,286.000
1975-07-07,286.500
1975-07-14,287.600
1975-07-21,288.500
1975-07-28,289.300
1975-08-04,289.700
1975-08-11,290.100
1975-08-18,290.400
1975-08-25,291.100
1975-09-01,292.400
1975-09-08,292.600
1975-09-15,292.800
1975-09-22,293.300
1975-09-29,294.400
1975-10-06,294.200
1975-10-13,295.100
1975-10-20,296.100
1975-10-27,296.800
1975-11-03,296.800
1975-11-10,297.700
1975-11-17,298.700
1975-11-24,300.000
1975-12-01,300.800
1975-12-08,302.200
1975-12-15,303.200
1975-12-22,304.200
1975-12-29,305.000
1976-01-05,304.200
1976-01-12,306.100
1976-01-19,307.600
1976-01-26,309.600
1976-02-02,311.000
1976-02-09,312.400
1976-02-16,313.700
1976-02-23,314.400
1976-03-01,314.800
1976-03-08,314.900
1976-03-15,315.800
1976-03-22,316.100
1976-03-29,316.700
1976-04-05,316.600
1976-04-12,318.000
1976-04-19,319.100
1976-04-26,321.000
1976-05-03,322.000
1976-05-10,323.000
1976-05-17,324.000
1976-05-24,324.700
1976-05-31,324.900
1976-06-07,324.600
1976-06-14,324.700
1976-06-21,325.100
1976-06-28,325.800
1976-07-05,325.600
1976-07-12,327.100
1976-07-19,328.400
1976-07-26,329.700
1976-08-02,330.700
1976-08-09,331.500
1976-08-16,332.800
1976-08-23,334.100
1976-08-30,336.1
1976-09-06,337.400
1976-09-13,338.800
1976-09-20,340.000
1976-09-27,341.600
1976-10-04,342.200
1976-10-11,343.600
1976-10-18,345.400
1976-10-25,347.900
1976-11-01,349.2
1976-11-08,350.200
1976-11-15,350.900
1976-11-22,352.200
1976-11-29,353.500
1976-12-06,354.800
1976-12-13,356.600
1976-12-20,358.000
1976-12-27,358.300
1977-01-03,359.100
1977-01-10,360.400
1977-01-17,361.800
1977-01-24,363.600
1977-01-31,364.200
1977-02-07,364.400
1977-02-14,365.200
1977-02-21,366.100
1977-02-28,367.200
1977-03-07,368.000
1977-03-14,369.200
1977-03-21,370.200
1977-03-28,371.300
1977-04-04,371.900
1977-04-11,372.400
1977-04-18,373.300
1977-04-25,374.400
1977-05-02,374.800
1977-05-09,375.600
1977-05-16,376.100
1977-05-23,376.500
1977-05-30,377.100
1977-06-06,377.300
1977-06-13,377.700
1977-06-20,378.400
1977-06-27,379.000
1977-07-04,379.100
1977-07-11,379.600
1977-07-18,380.200
1977-07-25,380.900
1977-08-01,381.500
1977-08-08,381.300
1977-08-15,381.800
1977-08-22,382.000
1977-08-29,382.500
1977-09-05,382.500
1977-09-12,382.800
1977-09-19,382.600
1977-09-26,383.500
1977-10-03,383.500
1977-10-10,383.400
1977-10-17,383.700
1977-10-24,384.200
1977-10-31,384.100
1977-11-07,383.900
1977-11-14,384.600
1977-11-21,385.200
1977-11-28,385.600
1977-12-05,385.600
1977-12-12,385.900
1977-12-19,385.600
1977-12-26,386.700
1978-01-02,387.600
1978-01-09,387.400
1978-01-16,388.000
1978-01-23,388.300
1978-01-30,388.700
1978-02-06,388.500
1978-02-13,388.900
1978-02-20,389.700
1978-02-27,390.200
1978-03-06,390.300
1978-03-13,390.500
1978-03-20,390.900
1978-03-27,391.000
1978-04-03,391.300
1978-04-10,391.100
1978-04-17,391.900
1978-04-24,392.400
1978-05-01,392.200
1978-05-08,392.300
1978-05-15,392.900
1978-05-22,393.300
1978-05-29,394.300
1978-06-05,394.200
1978-06-12,394.200
1978-06-19,394.500
1978-06-26,395.700
1978-07-03,396.300
1978-07-10,395.100
1978-07-17,395.100
1978-07-24,395.400
1978-07-31,396.200
1978-08-07,395.800
1978-08-14,396.700
1978-08-21,396.600
1978-08-28,397.600
1978-09-04,399.000
1978-09-11,398.900
1978-09-18,399.700
1978-09-25,401.000
1978-10-02,402.200
1978-10-09,402.500
1978-10-16,401.600
1978-10-23,401.300
1978-10-30,401.800
1978-11-06,401.300
1978-11-13,401.800
1978-11-20,400.500
1978-11-27,402.100
1978-12-04,402.100
1978-12-11,400.600
1978-12-18,400.400
1978-12-25,401.700
1979-01-01,403.900
1979-01-08,402.400
1979-01-15,401.800
1979-01-22,401.700
1979-01-29,401.900
1979-02-05,401.400
1979-02-12,401.800
1979-02-19,401.900
1979-02-26,402.000
1979-03-05,401.800
1979-03-12,402.2
1979-03-19,402.700
1979-03-26,403.600
1979-04-02,404.300
1979-04-09,405.200
1979-04-16,405.900
1979-04-23,407.000
1979-04-30,407.200
1979-05-07,407.700
1979-05-14,408.000
1979-05-21,408.900
1979-05-28,410.000
1979-06-04,411.100
1979-06-11,412.100
1979-06-18,413.200
1979-06-25,414.100
1979-07-02,413.900
1979-07-09,414.900
1979-07-16,416.100
1979-07-23,417.300
1979-07-30,418.300
1979-08-06,419.000
1979-08-13,419.600
1979-08-20,421.000
1979-08-27,422.000
1979-09-03,422.000
1979-09-10,422.900
1979-09-17,423.000
1979-09-24,423.600
1979-10-01,424.200
1979-10-08,424.600
1979-10-15,424.600
1979-10-22,425.600
1979-10-29,426.200
1979-11-05,426.700
1979-11-12,427.400
1979-11-19,428.100
1979-11-26,428.600
1979-12-03,429.200
1979-12-10,430.100
1979-12-17,430.700
1979-12-24,431.300
1979-12-31,430.300
1980-01-07,430.300
1980-01-14,431.600
1980-01-21,432.300
1980-01-28,435.300
1980-02-04,475.600
1980-02-11,475.800
1980-02-18,478.000
1980-02-25,480.300
1980-03-03,482.300
1980-03-10,484.600
1980-03-17,485.800
1980-03-24,487.300
1980-03-31,487.700
1980-04-07,489.200
1980-04-14,491.200
1980-04-21,491.300
1980-04-28,492.000
1980-05-05,492.000
1980-05-12,494.300
1980-05-19,496.800
1980-05-26,498.700
1980-06-02,500.000
1980-06-09,502.400
1980-06-16,504.000
1980-06-23,506.400
1980-06-30,507.700
1980-07-07,509.400
1980-07-14,511.700
1980-07-21,513.400
1980-07-28,514.700
1980-08-04,516.000
1980-08-11,517.100
1980-08-18,517.600
1980-08-25,519.100
1980-09-01,519.000
1980-09-08,519.100
1980-09-15,519.900
1980-09-22,522.100
1980-09-29,521.300
1980-10-06,521.400
1980-10-13,523.400
1980-10-20,524.300
1980-10-27,525.600
1980-11-03,1182.2
1980-11-10,1182.5
1980-11-17,1185.0
1980-11-24,1186.4
1980-12-01,1185.6
1980-12-08,1187.4
1980-12-15,1188.8
1980-12-22,1189.5
1980-12-29,1191.3
1981-01-05,1189.2
1981-01-12,1190.8
1981-01-19,1193.5
1981-01-26,1195.6
1981-02-02,1197.8
1981-02-09,1200.4
1981-02-16,1203.7
1981-02-23,1206.7
1981-03-02,1211.4
1981-03-09,1213.1
1981-03-16,1217.0
1981-03-23,1221.6
1981-03-30,1225.7
1981-04-06,1228.3
1981-04-13,1232.4
1981-04-20,1233.7
1981-04-27,1234.9
1981-05-04,1236.3
1981-05-11,1238.1
1981-05-18,1239.1
1981-05-25,1240.2
1981-06-01,1241.5
1981-06-08,1243.4
1981-06-15,1244.4
1981-06-22,1246.1
1981-06-29,1246.7
1981-07-06,1249.4
1981-07-13,1251.8
1981-07-20,1256.1
1981-07-27,1259.7
1981-08-03,1262.3
1981-08-10,1265.0
1981-08-17,1268.9
1981-08-24,1271.8
1981-08-31,1274.3
1981-09-07,1276.7
1981-09-14,1278.5
1981-09-21,1280.1
1981-09-28,1282.9
1981-10-05,1287.0
1981-10-12,1291.4
1981-10-19,1294.0
1981-10-26,1296.4
1981-11-02,1299.3
1981-11-09,1301.6
1981-11-16,1304.9
1981-11-23,1306.2
1981-11-30,1310.0
1981-12-07,1313.0
1981-12-14,1316.4
1981-12-21,1317.9
1981-12-28,1317.1
1982-01-04,1316.3
1982-01-11,1319.1
1982-01-18,1323.8
1982-01-25,1326.8
1982-02-01,1328.9
1982-02-08,1330.1
1982-02-15,1332.0
1982-02-22,1333.7
1982-03-01,1336.2
1982-03-08,1339.4
1982-03-15,1342.8
1982-03-22,1346.9
1982-03-29,1351.3
1982-04-05,1354.8
1982-04-12,1357.6
1982-04-19,1358.2
1982-04-26,1359.0
1982-05-03,1360.3
1982-05-10,1362.5
1982-05-17,1366.2
1982-05-24,1369.4
1982-05-31,1373.6
1982-06-07,1374.9
1982-06-14,1376.8
1982-06-21,1378.2
1982-06-28,1379.7
1982-07-05,1381.4
1982-07-12,1379.8
1982-07-19,1382.6
1982-07-26,1385.8
1982-08-02,1388.5
1982-08-09,1391.5
1982-08-16,1394.9
1982-08-23,1397.5
1982-08-30,1400.3
1982-09-06,1401.4
1982-09-13,1402.6
1982-09-20,1403.0
1982-09-27,1403.5
1982-10-04,1403.9
1982-10-11,1402.2
1982-10-18,1405.4
1982-10-25,1408.0
1982-11-01,1410.0
1982-11-08,1411.0
1982-11-15,1412.8
1982-11-22,1415.7
1982-11-29,1417.0
1982-12-06,1417.5
1982-12-13,1415.2
1982-12-20,1434.7
1982-12-27,1443.6
1983-01-03,1454.4
1983-01-10,1467.8
1983-01-17,1478.4
1983-01-24,1486.9
1983-01-31,1496.2
1983-02-07,1504.2
1983-02-14,1509.7
1983-02-21,1514.4
1983-02-28,1517.6
1983-03-07,1520.2
1983-03-14,1521.2
1983-03-21,1524.2
1983-03-28,1527.2
1983-04-04,1529.6
1983-04-11,1531.3
1983-04-18,1533.4
1983-04-25,1535.5
1983-05-02,1540.3
1983-05-09,1539.9
1983-05-16,1540.1
1983-05-23,1541.5
1983-05-30,1543.8
1983-06-06,1546.6
1983-06-13,1548.3
1983-06-20,1548.1
1983-06-27,1550.6
1983-07-04,1555.2
1983-07-11,1556.9
1983-07-18,1558.5
1983-07-25,1560.2
1983-08-01,1560.7
1983-08-08,1560.6
1983-08-15,1561.3
1983-08-22,1561.9
1983-08-29,1562.9
1983-09-05,1564.9
1983-09-12,1565.6
1983-09-19,1566.9
1983-09-26,1570.0
1983-10-03,1573.1
1983-10-10,1575.8
1983-10-17,1577.7
1983-10-24,1581.1
1983-10-31,1584.6
1983-11-07,1583.8
1983-11-14,1585.1
1983-11-21,1586.3
1983-11-28,1589.2
1983-12-05,1592.5
1983-12-12,1596.1
1983-12-19,1598.9
1983-12-26,1602.0
1984-01-02,1605.5
1984-01-09,1608.0
1984-01-16,1611.5
1984-01-23,1615.0
1984-01-30,1616.6
1984-02-06,1625.5
1984-02-13,1637.5
1984-02-20,1609.1
1984-02-27,1601.8
1984-03-05,1618.3
1984-03-12,1636.7
1984-03-19,1649.8
1984-03-26,1657.5
1984-04-02,1660.8
1984-04-09,1658.0
1984-04-16,1657.3
1984-04-23,1659.3
1984-04-30,1660.2
1984-05-07,1663.6
1984-05-14,1667.6
1984-05-21,1670.8
1984-05-28,1673.1
1984-06-04,1674.5
1984-06-11,1676.6
1984-06-18,1678.7
1984-06-25,1680.6
1984-07-02,1683.4
1984-07-09,1684.6
1984-07-16,1686.6
1984-07-23,1688.4
1984-07-30,1689.6
1984-08-06,1690.1
1984-08-13,1689.3
1984-08-20,1690.8
1984-08-27,1692.8
1984-09-03,1694.7
1984-09-10,1697.7
1984-09-17,1701.2
1984-09-24,1704.0
1984-10-01,1708.6
1984-10-08,1710.9
1984-10-15,1713.5
1984-10-22,1716.7
1984-10-29,1720.1
1984-11-05,1724.4
1984-11-12,1729.1
1984-11-19,1733.4
1984-11-26,1737.1
1984-12-03,1742.5
1984-12-10,1747.6
1984-12-17,1752.8
1984-12-24,1757.4
1984-12-31,1760.9
1985-01-07,1768.9
1985-01-14,1776.2
1985-01-21,1779.8
1985-01-28,1782.5
1985-02-04,1782.6
1985-02-11,1783.4
1985-02-18,1785.8
1985-02-25,1787.3
1985-03-04,1791.6
1985-03-11,1793.5
1985-03-18,1795.7
1985-03-25,1798.7
1985-04-01,1801.6
1985-04-08,1800.7
1985-04-15,1800.3
1985-04-22,1803.4
1985-04-29,1804.1
1985-05-06,1805.7
1985-05-13,1807.5
1985-05-20,1810.4
1985-05-27,1813.3
1985-06-03,1817.3
1985-06-10,1822.9
1985-06-17,1828.1
1985-06-24,1834.4
1985-07-01,1838.0
1985-07-08,1837.2
1985-07-15,1838.7
1985-07-22,1840.0
1985-07-29,1840.9
1985-08-05,1841.8
1985-08-12,1842.5
1985-08-19,1843.1
1985-08-26,1843.8
1985-09-02,1843.7
1985-09-09,1843.3
1985-09-16,1845.5
1985-09-23,1848.2
1985-09-30,1851.8
1985-10-07,1854.6
1985-10-14,1855.7
1985-10-21,1857.6
1985-10-28,1858.9
1985-11-04,1859.9
1985-11-11,1860.9
1985-11-18,1862.6
1985-11-25,1864.7
1985-12-02,1866.4
1985-12-09,1868.7
1985-12-16,1870.1
1985-12-23,1872.7
1985-12-30,1874.4
1986-01-06,1879.2
1986-01-13,1879.5
1986-01-20,1882.8
1986-01-27,1885.8
1986-02-03,1885.5
1986-02-10,1886.5
1986-02-17,1888.3
1986-02-24,1890.0
1986-03-03,1893.5
1986-03-10,1897.1
1986-03-17,1901.8
1986-03-24,1905.8
1986-03-31,1911.7
1986-04-07,1914.0
1986-04-14,1917.3
1986-04-21,1921.8
1986-04-28,1925.6
1986-05-05,1927.6
1986-05-12,1930.1
1986-05-19,1933.0
1986-05-26,1936.9
1986-06-02,1939.3
1986-06-09,1943.6
1986-06-16,1948.7
1986-06-23,1954.4
1986-06-30,1956.0
1986-07-07,1958.3
1986-07-14,1959.3
1986-07-21,1963.6
1986-07-28,1966.4
1986-08-04,1969.3
1986-08-11,1971.8
1986-08-18,1973.0
1986-08-25,1974.0
1986-09-01,1975.5
1986-09-08,1978.0
1986-09-15,1980.5
1986-09-22,1986.5
1986-09-29,1989.7
1986-10-06,1991.9
1986-10-13,1992.7
1986-10-20,1993.7
1986-10-27,1995.4
1986-11-03,1996.0
1986-11-10,1995.5
1986-11-17,1998.1
1986-11-24,1999.2
1986-12-01,1999.7
1986-12-08,1998.4
1986-12-15,2000.5
1986-12-22,2004.1
1986-12-29,2008.8
1987-01-05,2015.8
1987-01-12,2017.1
1987-01-19,2016.6
1987-01-26,2016.8
1987-02-02,2012.9
1987-02-09,2011.2
1987-02-16,2011.3
1987-02-23,2010.9
1987-03-02,2012.9
1987-03-09,2016.0
1987-03-16,2018.1
1987-03-23,2018.4
1987-03-30,2019.9
1987-04-06,2020.5
1987-04-13,2020.9
1987-04-20,2022.2
1987-04-27,2023.6
1987-05-04,2023.2
1987-05-11,2019.7
1987-05-18,2020.1
1987-05-25,2021.8
1987-06-01,2025.1
1987-06-08,2027.8
1987-06-15,2027.6
1987-06-22,2029.0
1987-06-29,2030.4
1987-07-06,2033.4
1987-07-13,2032.8
1987-07-20,2034.7
1987-07-27,2036.6
1987-08-03,2037.7
1987-08-10,2038.9
1987-08-17,2039.1
1987-08-24,2038.9
1987-08-31,2038.9
1987-09-07,2041.0
1987-09-14,2044.1
1987-09-21,2046.3
1987-09-28,2047.6
1987-10-05,2050.6
1987-10-12,2051.9
1987-10-19,2054.4
1987-10-26,2061.9
1987-11-02,2060.8
1987-11-09,2060.5
1987-11-16,2063.3
1987-11-23,2065.1
1987-11-30,2066.8
1987-12-07,2070.3
1987-12-14,2073.7
1987-12-21,2076.8
1987-12-28,2078.1
1988-01-04,2078.9
1988-01-11,2082.8
1988-01-18,2091.1
1988-01-25,2095.8
1988-02-01,2102.9
1988-02-08,2105.7
1988-02-15,2110.5
1988-02-22,2115.2
1988-02-29,2118.6
1988-03-07,2124.3
1988-03-14,2128.9
1988-03-21,2134.4
1988-03-28,2137.7
1988-04-04,2139.6
1988-04-11,2143.6
1988-04-18,2145.4
1988-04-25,2147.8
1988-05-02,2147.8
1988-05-09,2148.4
1988-05-16,2150.8
1988-05-23,2154.5
1988-05-30,2156.8
1988-06-06,2158.8
1988-06-13,2161.0
1988-06-20,2164.2
1988-06-27,2169.3
1988-07-04,2169.8
1988-07-11,2168.8
1988-07-18,2172.1
1988-07-25,2173.1
1988-08-01,2174.4
1988-08-08,2174.0
1988-08-15,2175.0
1988-08-22,2176.2
1988-08-29,2176.2
1988-09-05,2175.6
1988-09-12,2175.9
1988-09-19,2177.9
1988-09-26,2179.6
1988-10-03,2180.7
1988-10-10,2182.2
1988-10-17,2185.4
1988-10-24,2186.0
1988-10-31,2188.3
1988-11-07,2195.8
1988-11-14,2197.9
1988-11-21,2200.8
1988-11-28,2201.4
1988-12-05,2199.6
1988-12-12,2200.9
1988-12-19,2202.8
1988-12-26,2205.0
1989-01-02,2206.8
1989-01-09,2207.1
1989-01-16,2208.5
1989-01-23,2208.1
1989-01-30,2206.0
1989-02-06,2203.1
1989-02-13,2201.7
1989-02-20,2203.6
1989-02-27,2205.3
1989-03-06,2210.2
1989-03-13,2213.2
1989-03-20,2216.3
1989-03-27,2219.7
1989-04-03,2223.2
1989-04-10,2225.0
1989-04-17,2227.1
1989-04-24,2226.6
1989-05-01,2226.8
1989-05-08,2226.7
1989-05-15,2228.5
1989-05-22,2232.3
1989-05-29,2235.0
1989-06-05,2239.8
1989-06-12,2246.3
1989-06-19,2251.2
1989-06-26,2257.0
1989-07-03,2262.6
1989-07-10,2268.8
1989-07-17,2272.6
1989-07-24,2275.7
1989-07-31,2279.4
1989-08-07,2286.0
1989-08-14,2289.3
1989-08-21,2291.7
1989-08-28,2295.4
1989-09-04,2298.2
1989-09-11,2300.7
1989-09-18,2306.2
1989-09-25,2309.6
1989-10-02,2315.4
1989-10-09,2320.1
1989-10-16,2322.8
1989-10-23,2329.2
1989-10-30,2332.8
1989-11-06,2339.5
1989-11-13,2343.6
1989-11-20,2344.9
1989-11-27,2348.2
1989-12-04,2353.1
1989-12-11,2356.4
1989-12-18,2359.6
1989-12-25,2362.4
1990-01-01,2362.8
1990-01-08,2370.4
1990-01-15,2367.9
1990-01-22,2371.3
1990-01-29,2373.8
1990-02-05,2378.3
1990-02-12,2380.8
1990-02-19,2383.6
1990-02-26,2385.4
1990-03-05,2384.9
1990-03-12,2387.7
1990-03-19,2389.1
1990-03-26,2391.8
1990-04-02,2394.1
1990-04-09,2393.7
1990-04-16,2393.6
1990-04-23,2395.7
1990-04-30,2399.4
1990-05-07,2396.1
1990-05-14,2397.0
1990-05-21,2395.3
1990-05-28,2396.1
1990-06-04,2398.8
1990-06-11,2400.9
1990-06-18,2406.4
1990-06-25,2406.7
1990-07-02,2410.6
1990-07-09,2411.3
1990-07-16,2413.8
1990-07-23,2415.5
1990-07-30,2417.5
1990-08-06,2419.4
1990-08-13,2424.2
1990-08-20,2427.4
1990-08-27,2430.4
1990-09-03,2431.7
1990-09-10,2432.9
1990-09-17,2433.5
1990-09-24,2434.0
1990-10-01,2439.2
1990-10-08,2439.9
1990-10-15,2438.7
1990-10-22,2439.6
1990-10-29,2439.9
1990-11-05,2437.6
1990-11-12,2439.4
1990-11-19,2440.5
1990-11-26,2442.7
1990-12-03,2442.2
1990-12-10,2444.3
1990-12-17,2446.4
1990-12-24,2448.0
1990-12-31,2451.7
1991-01-07,2453.5
1991-01-14,2456.9
1991-01-21,2462.8
1991-01-28,2466.0
1991-02-04,2467.9
1991-02-11,2470.2
1991-02-18,2470.6
1991-02-25,2474.7
1991-03-04,2477.6
1991-03-11,2479.5
1991-03-18,2483.3
1991-03-25,2486.9
1991-04-01,2486.7
1991-04-08,2488.0
1991-04-15,2489.6
1991-04-22,2489.3
1991-04-29,2490.4
1991-05-06,2491.1
1991-05-13,2494.6
1991-05-20,2494.9
1991-05-27,2495.9
1991-06-03,2494.0
1991-06-10,2495.5
1991-06-17,2495.3
1991-06-24,2494.9
1991-07-01,2495.9
1991-07-08,2495.7
1991-07-15,2495.6
1991-07-22,2495.7
1991-07-29,2492.6
1991-08-05,2488.2
1991-08-12,2489.3
1991-08-19,2488.4
1991-08-26,2489.4
1991-09-02,2485.2
1991-09-09,2486.0
1991-09-16,2485.6
1991-09-23,2485.0
1991-09-30,2482.0
1991-10-07,2482.1
1991-10-14,2482.7
1991-10-21,2482.8
1991-10-28,2482.4
1991-11-04,2478.0
1991-11-11,2479.4
1991-11-18,2478.4
1991-11-25,2479.1
1991-12-02,2473.2
1991-12-09,2477.7
1991-12-16,2481.9
1991-12-23,2473.5
1991-12-30,2470.1
1992-01-06,2463.8
1992-01-13,2468.2
1992-01-20,2472.4
1992-01-27,2475.3
1992-02-03,2475.2
1992-02-10,2475.3
1992-02-17,2475.4
1992-02-24,2473.8
1992-03-02,2474.2
1992-03-09,2471.5
1992-03-16,2469.0
1992-03-23,2466.1
1992-03-30,2461.4
1992-04-06,2459.3
1992-04-13,2460.3
1992-04-20,2452.0
1992-04-27,2453.8
1992-05-04,2452.8
1992-05-11,2451.6
1992-05-18,2448.5
1992-05-25,2444.7
1992-06-01,2444.0
1992-06-08,2442.5
1992-06-15,2441.0
1992-06-22,2439.5
1992-06-29,2433.9
1992-07-06,2431.6
1992-07-13,2433.3
1992-07-20,2430.2
1992-07-27,2429.7
1992-08-03,2426.3
1992-08-10,2424.1
1992-08-17,2424.2
1992-08-24,2424.5
1992-08-31,2426.8
1992-09-07,2423.7
1992-09-14,2423.1
1992-09-21,2422.3
1992-09-28,2422.1
1992-10-05,2416.0
1992-10-12,2423.5
1992-10-19,2420.4
1992-10-26,2420.0
1992-11-02,2419.2
1992-11-09,2415.8
1992-11-16,2411.3
1992-11-23,2407.1
1992-11-30,2406.5
1992-12-07,2406.3
1992-12-14,2402.6
1992-12-21,2398.8
1992-12-28,2394.7
1993-01-04,2390.9
1993-01-11,2391.1
1993-01-18,2387.2
1993-01-25,2384.6
1993-02-01,2383.5
1993-02-08,2380.1
1993-02-15,2380.5
1993-02-22,2381.0
1993-03-01,2378.8
1993-03-08,2376.2
1993-03-15,2374.3
1993-03-22,2371.0
1993-03-29,2369.3
1993-04-05,2363.6
1993-04-12,2364.2
1993-04-19,2359.6
1993-04-26,2363.9
1993-05-03,2369.2
1993-05-10,2373.3
1993-05-17,2371.2
1993-05-24,2370.8
1993-05-31,2372.6
1993-06-07,2373.4
1993-06-14,2372.0
1993-06-21,2365.9
1993-06-28,2360.6
1993-07-05,2356.8
1993-07-12,2360.5
1993-07-19,2358.0
1993-07-26,2355.8
1993-08-02,2355.3
1993-08-09,2354.4
1993-08-16,2352.1
1993-08-23,2350.8
1993-08-30,2348.0
1993-09-06,2347.0
1993-09-13,2350.1
1993-09-20,2346.8
1993-09-27,2349.5
1993-10-04,2345.0
1993-10-11,2347.7
1993-10-18,2340.8
1993-10-25,2340.7
1993-11-01,2344.6
1993-11-08,2345.1
1993-11-15,2346.4
1993-11-22,2347.6
1993-11-29,2344.8
1993-12-06,2348.1
1993-12-13,2348.4
1993-12-20,2344.1
1993-12-27,2342.7
1994-01-03,2338.9
1994-01-10,2342.8
1994-01-17,2346.8
1994-01-24,2344.7
1994-01-31,2341.3
1994-02-07,2340.1
1994-02-14,2342.0
1994-02-21,2338.1
1994-02-28,2337.7
1994-03-07,2339.7
1994-03-14,2343.9
1994-03-21,2342.7
1994-03-28,2336.0
1994-04-04,2334.7
1994-04-11,2339.5
1994-04-18,2337.1
1994-04-25,2342.2
1994-05-02,2347.1
1994-05-09,2349.4
1994-05-16,2347.8
1994-05-23,2350.0
1994-05-30,2344.5
1994-06-06,2337.3
1994-06-13,2334.5
1994-06-20,2330.1
1994-06-27,2335.4
1994-07-04,2334.9
1994-07-11,2335.6
1994-07-18,2337.7
1994-07-25,2338.9
1994-08-01,2339.7
1994-08-08,2335.9
1994-08-15,2334.3
1994-08-22,2337.2
1994-08-29,2333.5
1994-09-05,2331.2
1994-09-12,2332.4
1994-09-19,2335.0
1994-09-26,2338.0
1994-10-03,2332.9
1994-10-10,2334.3
1994-10-17,2332.8
1994-10-24,2335.4
1994-10-31,2334.6
1994-11-07,2333.4
1994-11-14,2334.2
1994-11-21,2338.4
1994-11-28,2338.7
1994-12-05,2337.9
1994-12-12,2334.3
1994-12-19,2335.4
1994-12-26,2336.8
1995-01-02,2334.4
1995-01-09,2335.4
1995-01-16,2339.5
1995-01-23,2344.8
1995-01-30,2346.0
1995-02-06,2341.9
1995-02-13,2342.4
1995-02-20,2341.6
1995-02-27,2344.5
1995-03-06,2339.4
1995-03-13,2344.8
1995-03-20,2345.2
1995-03-27,2347.9
1995-04-03,2343.7
1995-04-10,2344.3
1995-04-17,2346.5
1995-04-24,2352.7
1995-05-01,2360.3
1995-05-08,2368.6
1995-05-15,2372.1
1995-05-22,2382.9
1995-05-29,2390.0
1995-06-05,2396.0
1995-06-12,2403.5
1995-06-19,2404.3
1995-06-26,2408.5
1995-07-03,2411.8
1995-07-10,2413.6
1995-07-17,2419.7
1995-07-24,2427.6
1995-07-31,2431.1
1995-08-07,2436.4
1995-08-14,2438.8
1995-08-21,2445.5
1995-08-28,2449.8
1995-09-04,2452.6
1995-09-11,2452.1
1995-09-18,2458.9
1995-09-25,2466.1
1995-10-02,2471.0
1995-10-09,2477.2
1995-10-16,2473.8
1995-10-23,2476.8
1995-10-30,2477.7
1995-11-06,2479.6
1995-11-13,2482.8
1995-11-20,2485.4
1995-11-27,2490.3
1995-12-04,2495.4
1995-12-11,2496.8
1995-12-18,2504.3
1995-12-25,2505.2
1996-01-01,2506.4
1996-01-08,2516.7
1996-01-15,2526.4
1996-01-22,2526.7
1996-01-29,2528.5
1996-02-05,2530.3
1996-02-12,2537.2
1996-02-19,2544.9
1996-02-26,2550.6
1996-03-04,2558.6
1996-03-11,2561.9
1996-03-18,2567.0
1996-03-25,2566.0
1996-04-01,2566.7
1996-04-08,2572.4
1996-04-15,2575.0
1996-04-22,2570.5
1996-04-29,2573.2
1996-05-06,2583.4
1996-05-13,2593.4
1996-05-20,2592.7
1996-05-27,2597.5
1996-06-03,2599.3
1996-06-10,2606.7
1996-06-17,2607.8
1996-06-24,2607.8
1996-07-01,2611.3
1996-07-08,2621.0
1996-07-15,2619.4
1996-07-22,2627.0
1996-07-29,2629.3
1996-08-05,2636.0
1996-08-12,2638.5
1996-08-19,2644.8
1996-08-26,2646.7
1996-09-02,2645.4
1996-09-09,2653.5
1996-09-16,2655.6
1996-09-23,2657.5
1996-09-30,2666.4
1996-10-07,2675.5
1996-10-14,2677.5
1996-10-21,2687.9
1996-10-28,2701.1
1996-11-04,2702.3
1996-11-11,2703.4
1996-11-18,2706.7
1996-11-25,2719.6
1996-12-02,2725.8
1996-12-09,2726.6
1996-12-16,2732.4
1996-12-23,2741.8
1996-12-30,2749.4
1997-01-06,2750.8
1997-01-13,2744.0
1997-01-20,2753.1
1997-01-27,2760.9
1997-02-03,2761.0
1997-02-10,2761.2
1997-02-17,2769.0
1997-02-24,2771.0
1997-03-03,2774.9
1997-03-10,2780.5
1997-03-17,2785.4
1997-03-24,2792.6
1997-03-31,2802.1
1997-04-07,2806.5
1997-04-14,2811.0
1997-04-21,2815.1
1997-04-28,2819.4
1997-05-05,2815.3
1997-05-12,2817.4
1997-05-19,2824.2
1997-05-26,2837.1
1997-06-02,2832.3
1997-06-09,2837.0
1997-06-16,2834.2
1997-06-23,2842.3
1997-06-30,2848.2
1997-07-07,2857.0
1997-07-14,2851.6
1997-07-21,2858.0
1997-07-28,2863.7
1997-08-04,2866.6
1997-08-11,2868.9
1997-08-18,2880.9
1997-08-25,2889.2
1997-09-01,2901.2
1997-09-08,2895.6
1997-09-15,2904.6
1997-09-22,2908.6
1997-09-29,2915.2
1997-10-06,2918.0
1997-10-13,2921.3
1997-10-20,2929.6
1997-10-27,2935.2
1997-11-03,2929.4
1997-11-10,2935.9
1997-11-17,2940.2
1997-11-24,2950.5
1997-12-01,2956.9
1997-12-08,2956.6
1997-12-15,2953.8
1997-12-22,2960.6
1997-12-29,2968.1
1998-01-05,2974.2
1998-01-12,2974.9
1998-01-19,2981.9
1998-01-26,2986.6
1998-02-02,2993.5
1998-02-09,3000.3
1998-02-16,3008.6
1998-02-23,3019.3
1998-03-02,3024.8
1998-03-09,3030.3
1998-03-16,3035.2
1998-03-23,3038.0
1998-03-30,3047.0
1998-04-06,3056.0
1998-04-13,3060.7
1998-04-20,3063.8
1998-04-27,3069.9
1998-05-04,3071.4
1998-05-11,3074.4
1998-05-18,3081.3
1998-05-25,3093.6
1998-06-01,3102.5
1998-06-08,3102.9
1998-06-15,3101.4
1998-06-22,3111.0
1998-06-29,3114.9
1998-07-06,3124.7
1998-07-13,3123.0
1998-07-20,3129.7
1998-07-27,3135.9
1998-08-03,3130.9
1998-08-10,3143.2
1998-08-17,3150.6
1998-08-24,3157.9
1998-08-31,3169.1
1998-09-07,3183.7
1998-09-14,3183.8
1998-09-21,3188.8
1998-09-28,3191.3
1998-10-05,3200.4
1998-10-12,3211.8
1998-10-19,3221.3
1998-10-26,3234.7
1998-11-02,3239.6
1998-11-09,3249.3
1998-11-16,3251.5
1998-11-23,3254.7
1998-11-30,3253.2
1998-12-07,3274.1
1998-12-14,3275.1
1998-12-21,3279.9
1998-12-28,3288.4
1999-01-04,3287.3
1999-01-11,3295.9
1999-01-18,3307.1
1999-01-25,3305.1
1999-02-01,3320.6
1999-02-08,3324.5
1999-02-15,3328.1
1999-02-22,3329.2
1999-03-01,3333.3
1999-03-08,3332.4
1999-03-15,3329.6
1999-03-22,3332.5
1999-03-29,3341.6
1999-04-05,3349.5
1999-04-12,3350.3
1999-04-19,3363.7
1999-04-26,3374.0
1999-05-03,3355.7
1999-05-10,3372.3
1999-05-17,3379.3
1999-05-24,3388.0
1999-05-31,3399.2
1999-06-07,3402.3
1999-06-14,3401.4
1999-06-21,3408.2
1999-06-28,3413.7
1999-07-05,3424.7
1999-07-12,3426.7
1999-07-19,3436.6
1999-07-26,3446.0
1999-08-02,3443.1
1999-08-09,3440.5
1999-08-16,3449.1
1999-08-23,3454.4
1999-08-30,3467.2
1999-09-06,3468.3
1999-09-13,3463.8
1999-09-20,3470.9
1999-09-27,3478.8
1999-10-04,3478.0
1999-10-11,3478.6
1999-10-18,3484.9
1999-10-25,3493.3
1999-11-01,3504.5
1999-11-08,3493.9
1999-11-15,3493.7
1999-11-22,3501.5
1999-11-29,3506.8
1999-12-06,3513.4
1999-12-13,3506.4
1999-12-20,3518.1
1999-12-27,3522.1
2000-01-03,3525.2
2000-01-10,3534.7
2000-01-17,3545.2
2000-01-24,3555.2
2000-01-31,3569.3
2000-02-07,3570.3
2000-02-14,3565.5
2000-02-21,3570.7
2000-02-28,3575.0
2000-03-06,3581.6
2000-03-13,3590.8
2000-03-20,3608.0
2000-03-27,3617.1
2000-04-03,3620.7
2000-04-10,3640.4
2000-04-17,3652.9
2000-04-24,3662.7
2000-05-01,3660.4
2000-05-08,3638.5
2000-05-15,3639.6
2000-05-22,3650.5
2000-05-29,3660.3
2000-06-05,3668.0
2000-06-12,3668.4
2000-06-19,3668.1
2000-06-26,3672.6
2000-07-03,3668.2
2000-07-10,3673.1
2000-07-17,3683.6
2000-07-24,3693.8
2000-07-31,3700.9
2000-08-07,3707.3
2000-08-14,3705.5
2000-08-21,3719.8
2000-08-28,3726.4
2000-09-04,3741.5
2000-09-11,3743.1
2000-09-18,3755.9
2000-09-25,3758.4
2000-10-02,3767.4
2000-10-09,3770.2
2000-10-16,3770.3
2000-10-23,3770.5
2000-10-30,3770.6
2000-11-06,3778.7
2000-11-13,3782.1
2000-11-20,3782.6
2000-11-27,3795.0
2000-12-04,3812.8
2000-12-11,3813.1
2000-12-18,3834.8
2000-12-25,3844.5
2001-01-01,3870.3
2001-01-08,3870.4
2001-01-15,3879.5
2001-01-22,3880.7
2001-01-29,3880.2
2001-02-05,3895.2
2001-02-12,3903.8
2001-02-19,3912.3
2001-02-26,3924.2
2001-03-05,3942.3
2001-03-12,3949.2
2001-03-19,3955.4
2001-03-26,3976.4
2001-04-02,3991.0
2001-04-09,4011.7
2001-04-16,4024.8
2001-04-23,4030.6
2001-04-30,4015.2
2001-05-07,4011.5
2001-05-14,4006.8
2001-05-21,4013.0
2001-05-28,4013.3
2001-06-04,4036.0
2001-06-11,4039.4
2001-06-18,4049.5
2001-06-25,4048.5
2001-07-02,4056.7
2001-07-09,4056.7
2001-07-16,4061.7
2001-07-23,4062.8
2001-07-30,4072.9
2001-08-06,4078.7
2001-08-13,4082.5
2001-08-20,4087.1
2001-08-27,4093.3
2001-09-03,4089.1
2001-09-10,4109.6
2001-09-17,4155.2
2001-09-24,4159.3
2001-10-01,4169.3
2001-10-08,4164.6
2001-10-15,4164.2
2001-10-22,4166.0
2001-10-29,4179.3
2001-11-05,4196.7
2001-11-12,4198.4
2001-11-19,4205.6
2001-11-26,4222.3
2001-12-03,4223.2
2001-12-10,4238.0
2001-12-17,4258.0
2001-12-24,4248.2
2001-12-31,4265.0
2002-01-07,4257.0
2002-01-14,4254.2
2002-01-21,4255.9
2002-01-28,4273.5
2002-02-04,4282.6
2002-02-11,4287.3
2002-02-18,4288.3
2002-02-25,4299.8
2002-03-04,4303.8
2002-03-11,4296.6
2002-03-18,4297.5
2002-03-25,4294.9
2002-04-01,4315.3
2002-04-08,4301.7
2002-04-15,4311.3
2002-04-22,4306.1
2002-04-29,4307.4
2002-05-06,4326.3
2002-05-13,4330.3
2002-05-20,4338.2
2002-05-27,4338.3
2002-06-03,4316.8
2002-06-10,4342.3
2002-06-17,4356.2
2002-06-24,4357.4
2002-07-01,4371.4
2002-07-08,4366.6
2002-07-15,4377.7
2002-07-22,4390.4
2002-07-29,4409.5
2002-08-05,4439.8
2002-08-12,4445.6
2002-08-19,4446.9
2002-08-26,4445.4
2002-09-02,4437.1
2002-09-09,4458.3
2002-09-16,4463.8
2002-09-23,4459.6
2002-09-30,4460.3
2002-10-07,4485.4
2002-10-14,4481.3
2002-10-21,4496.9
2002-10-28,4505.5
2002-11-04,4527.0
2002-11-11,4534.9
2002-11-18,4549.2
2002-11-25,4542.5
2002-12-02,4541.7
2002-12-09,4543.5
2002-12-16,4558.0
2002-12-23,4548.0
2002-12-30,4553.4
2003-01-06,4568.6
2003-01-13,4572.6
2003-01-20,4578.9
2003-01-27,4588.0
2003-02-03,4568.1
2003-02-10,4602.7
2003-02-17,4617.0
2003-02-24,4602.7
2003-03-03,4594.2
2003-03-10,4613.1
2003-03-17,4630.8
2003-03-24,4622.8
2003-03-31,4628.7
2003-04-07,4643.0
2003-04-14,4635.7
2003-04-21,4628.9
2003-04-28,4668.8
2003-05-05,4697.6
2003-05-12,4689.0
2003-05-19,4682.0
2003-05-26,4689.1
2003-06-02,4691.4
2003-06-09,4696.0
2003-06-16,4709.0
2003-06-23,4723.1
2003-06-30,4733.1
2003-07-07,4757.5
2003-07-14,4740.1
2003-07-21,4743.9
2003-07-28,4760.5
2003-08-04,4785.9
2003-08-11,4799.5
2003-08-18,4820.6
2003-08-25,4794.2
2003-09-01,4808.6
2003-09-08,4787.6
2003-09-15,4777.4
2003-09-22,4765.1
2003-09-29,4763.1
2003-10-06,4770.5
2003-10-13,4765.6
2003-10-20,4768.7
2003-10-27,4769.1
2003-11-03,4739.6
2003-11-10,4763.0
2003-11-17,4775.8
2003-11-24,4768.2
2003-12-01,4782.1
2003-12-08,4759.3
2003-12-15,4754.0
2003-12-22,4759.8
2003-12-29,4762.1
2004-01-05,4761.9
2004-01-12,4763.0
2004-01-19,4760.8
2004-01-26,4774.8
2004-02-02,4784.3
2004-02-09,4775.3
2004-02-16,4786.9
2004-02-23,4799.1
2004-03-01,4810.8
2004-03-08,4805.6
2004-03-15,4810.2
2004-03-22,4824.3
2004-03-29,4833.5
2004-04-05,4851.5
2004-04-12,4841.6
2004-04-19,4848.3
2004-04-26,4873.1
2004-05-03,4880.7
2004-05-10,4931.5
2004-05-17,4945.3
2004-05-24,4932.6
2004-05-31,4948.3
2004-06-07,4934.3
2004-06-14,4925.8
2004-06-21,4924.7
2004-06-28,4918.4
2004-07-05,4938.6
2004-07-12,4940.4
2004-07-19,4942.9
2004-07-26,4942.7
2004-08-02,4947.1
2004-08-09,4946.1
2004-08-16,4958.4
2004-08-23,4955.0
2004-08-30,4958.9
2004-09-06,4978.4
2004-09-13,4973.0
2004-09-20,4981.4
2004-09-27,4989.0
2004-10-04,4989.1
2004-10-11,4995.4
2004-10-18,5007.6
2004-10-25,5011.7
2004-11-01,5041.2
2004-11-08,5023.0
2004-11-15,5028.3
2004-11-22,5026.7
2004-11-29,5014.7
2004-12-06,5045.6
2004-12-13,5042.0
2004-12-20,5048.3
2004-12-27,5043.9
2005-01-03,5013.6
2005-01-10,5049.2
2005-01-17,5067.2
2005-01-24,5055.1
2005-01-31,5049.7
2005-02-07,5071.2
2005-02-14,5056.7
2005-02-21,5058.5
2005-02-28,5056.4
2005-03-07,5068.7
2005-03-14,5064.5
2005-03-21,5066.9
2005-03-28,5071.9
2005-04-04,5087.6
2005-04-11,5092.7
2005-04-18,5100.6
2005-04-25,5095.8
2005-05-02,5103.4
2005-05-09,5109.9
2005-05-16,5113.3
2005-05-23,5107.4
2005-05-30,5091.9
2005-06-06,5121.4
2005-06-13,5120.3
2005-06-20,5123.8
2005-06-27,5124.8
2005-07-04,5139.7
2005-07-11,5152.9
2005-07-18,5169.4
2005-07-25,5167.1
2005-08-01,5199.0
2005-08-08,5190.7
2005-08-15,5189.3
2005-08-22,5189.6
2005-08-29,5184.4
2005-09-05,5221.3
2005-09-12,5223.8
2005-09-19,5226.5
2005-09-26,5227.3
2005-10-03,5219.8
2005-10-10,5254.2
2005-10-17,5277.2
2005-10-24,5265.0
2005-10-31,5262.9
2005-11-07,5281.3
2005-11-14,5278.3
2005-11-21,5276.9
2005-11-28,5268.4
2005-12-05,5292.3
2005-12-12,5302.1
2005-12-19,5308.9
2005-12-26,5306.1
2006-01-02,5319.5
2006-01-09,5340.7
2006-01-16,5349.3
2006-01-23,5352.2
2006-01-30,5334.4
2006-02-06,5357.8
2006-02-13,5363.9
2006-02-20,5372.7
2006-02-27,5373.5
2006-03-06,5397.8
2006-03-13,5378.5
2006-03-20,5370.7
2006-03-27,5373.9
2006-04-03,5366.8
2006-04-10,5408.3
2006-04-17,5423.1
2006-04-24,5425.6
2006-05-01,5435.4
2006-05-08,5413.5
2006-05-15,5413.1
2006-05-22,5419.9
2006-05-29,5413.9
2006-06-05,5450.4
2006-06-12,5463.1
2006-06-19,5471.6
2006-06-26,5478.9
2006-07-03,5471.7
2006-07-10,5509.0
2006-07-17,5530.2
2006-07-24,5515.4
2006-07-31,5511.5
2006-08-07,5538.1
2006-08-14,5538.8
2006-08-21,5545.3
2006-08-28,5542.4
2006-09-04,5561.1
2006-09-11,5568.9
2006-09-18,5579.3
2006-09-25,5583.4
2006-10-02,5595.6
2006-10-09,5616.7
2006-10-16,5631.9
2006-10-23,5618.9
2006-10-30,5620.6
2006-11-06,5655.5
2006-11-13,5650.8
2006-11-20,5646.4
2006-11-27,5663.3
2006-12-04,5670.9
2006-12-11,5690.3
2006-12-18,5702.2
2006-12-25,5707.6
2007-01-01,5734.6
2007-01-08,5741.3
2007-01-15,5731.8
2007-01-22,5737.4
2007-01-29,5729.7
2007-02-05,5744.8
2007-02-12,5754.0
2007-02-19,5759.4
2007-02-26,5777.0
2007-03-05,5764.2
2007-03-12,5769.4
2007-03-19,5787.4
2007-03-26,5811.5
2007-04-02,5820.8
2007-04-09,5834.7
2007-04-16,5858.6
2007-04-23,5872.4
2007-04-30,5848.2
2007-05-07,5867.1
2007-05-14,5854.0
2007-05-21,5864.4
2007-05-28,5859.5
2007-06-04,5871.6
2007-06-11,5895.0
2007-06-18,5918.9
2007-06-25,5921.8
2007-07-02,5921.3
2007-07-09,5921.3
2007-07-16,5929.6
2007-07-23,5938.9
2007-07-30,5947.7
2007-08-06,5975.2
2007-08-13,5990.7
2007-08-20,6018.9
2007-08-27,6043.1
2007-09-03,5995.0
2007-09-10,6013.7
2007-09-17,6026.9
2007-09-24,6032.6
2007-10-01,6043.9
2007-10-08,6037.8
2007-10-15,6020.8
2007-10-22,6021.7
2007-10-29,6055.4
2007-11-05,6051.6
2007-11-12,6052.7
2007-11-19,6072.2
2007-11-26,6089.9
2007-12-03,6068.2
2007-12-10,6087.2
2007-12-17,6103.0
2007-12-24,6094.2
2007-12-31,6111.6
2008-01-07,6108.4
2008-01-14,6100.7
2008-01-21,6112.4
2008-01-28,6157.2
2008-02-04,6179.1
2008-02-11,6199.8
2008-02-18,6201.4
2008-02-25,6231.0
2008-03-03,6216.8
2008-03-10,6239.4
2008-03-17,6273.9
2008-03-24,6283.5
2008-03-31,6282.1
2008-04-07,6316.5
2008-04-14,6303.6
2008-04-21,6313.9
2008-04-28,6288.9
2008-05-05,6291.6
2008-05-12,6306.8
2008-05-19,6320.1
2008-05-26,6332.2
2008-06-02,6317.8
2008-06-09,6309.8
2008-06-16,6319.4
2008-06-23,6333.5
2008-06-30,6323.2
2008-07-07,6337.0
2008-07-14,6339.1
2008-07-21,6360.3
2008-07-28,6362.5
2008-08-04,6363.2
2008-08-11,6379.9
2008-08-18,6388.3
2008-08-25,6384.6
2008-09-01,6374.2
2008-09-08,6339.5
2008-09-15,6342.2
2008-09-22,6449.8
2008-09-29,6441.1
2008-10-06,6453.4
2008-10-13,6491.8
2008-10-20,6542.8
2008-10-27,6488.8
2008-11-03,6445.4
2008-11-10,6473.6
2008-11-17,6490.5
2008-11-24,6507.6
2008-12-01,6555.0
2008-12-08,6549.5
2008-12-15,6568.4
2008-12-22,6599.6
2008-12-29,6628.0
2009-01-05,6627.7
2009-01-12,6643.1
2009-01-19,6705.2
2009-01-26,6736.7
2009-02-02,6721.6
2009-02-09,6716.7
2009-02-16,6732.0
2009-02-23,6741.0
2009-03-02,6751.9
2009-03-09,6775.1
2009-03-16,6817.3
2009-03-23,6805.7
2009-03-30,6776.1
2009-04-06,6694.2
2009-04-13,6755.2
2009-04-20,6776.3
2009-04-27,6781.5
2009-05-04,6797.0
2009-05-11,6805.4
2009-05-18,6807.0
2009-05-25,6814.1
2009-06-01,6823.0
2009-06-08,6798.3
2009-06-15,6789.0
2009-06-22,6768.3
2009-06-29,6752.1
2009-07-06,6775.8
2009-07-13,6768.0
2009-07-20,6781.6
2009-07-27,6800.8
2009-08-03,6765.0
2009-08-10,6783.0
2009-08-17,6785.0
2009-08-24,6778.1
2009-08-31,6787.9
2009-09-07,6773.0
2009-09-14,6770.7
2009-09-21,6780.7
2009-09-28,6778.7
2009-10-05,6782.7
2009-10-12,6784.0
2009-10-19,6792.9
2009-10-26,6795.0
2009-11-02,6796.4
2009-11-09,6814.1
2009-11-16,6819.8
2009-11-23,6818.6
2009-11-30,6813.3
2009-12-07,6830.4
2009-12-14,6814.2
2009-12-21,6793.5
2009-12-28,6788.9
2010-01-04,6739.8
2010-01-11,6776.2
2010-01-18,6775.5
2010-01-25,6791.1
2010-02-01,6807.3
2010-02-08,6795.1
2010-02-15,6801.1
2010-02-22,6815.3
2010-03-01,6809.9
2010-03-08,6791.6
2010-03-15,6777.9
2010-03-22,6777.7
2010-03-29,6799.0
2010-04-05,6831.7
2010-04-12,6827.4
2010-04-19,6820.0
2010-04-26,6854.8
2010-05-03,6835.3
2010-05-10,6863.4
2010-05-17,6894.3
2010-05-24,6875.5
2010-05-31,6895.3
2010-06-07,6888.5
2010-06-14,6872.4
2010-06-21,6875.0
2010-06-28,6867.6
2010-07-05,6864.4
2010-07-12,6883.2
2010-07-19,6893.4
2010-07-26,6903.1
2010-08-02,6916.4
2010-08-09,6915.2
2010-08-16,6924.3
2010-08-23,6909.6
2010-08-30,6921.1
2010-09-06,6934.2
2010-09-13,6925.1
2010-09-20,6923.6
2010-09-27,6936.9
2010-10-04,6947.7
2010-10-11,6954.2
2010-10-18,6973.7
2010-10-25,6962.0
2010-11-01,6990.3
2010-11-08,6887.0
2010-11-15,6958.0
2010-11-22,6952.4
2010-11-29,6948.0
2010-12-06,6968.8
2010-12-13,6964.8
2010-12-20,6959.7
2010-12-27,6967.1
2011-01-03,6947.4
2011-01-10,6984.4
2011-01-17,7004.9
2011-01-24,6976.7
2011-01-31,6978.5
2011-02-07,7016.3
2011-02-14,7015.4
2011-02-21,7002.8
2011-02-28,7000.7
2011-03-07,7032.9
2011-03-14,7021.8
2011-03-21,7029.4
2011-03-28,7044.4
2011-04-04,7055.3
2011-04-11,7064.3
2011-04-18,7087.8
2011-04-25,7113.3
2011-05-02,7108.3
2011-05-09,7099.3
2011-05-16,7106.6
2011-05-23,7097.4
2011-05-30,7098.3
2011-06-06,7120.3
2011-06-13,7119.9
2011-06-20,7152.8
2011-06-27,7233.9
2011-07-04,7254.1
2011-07-11,7266.8
2011-07-18,7301.0
2011-07-25,7315.9
2011-08-01,7400.3
2011-08-08,7395.2
2011-08-15,7409.4
2011-08-22,7410.8
2011-08-29,7423.9
2011-09-05,7434.2
2011-09-12,7420.3
2011-09-19,7414.2
2011-09-26,7434.5
2011-10-03,7395.5
2011-10-10,7428.9
2011-10-17,7460.3
2011-10-24,7442.2
2011-10-31,7451.4
2011-11-07,7464.1
2011-11-14,7457.5
2011-11-21,7437.3
2011-11-28,7452.5
2011-12-05,7475.7
2011-12-12,7489.8
2011-12-19,7497.4
2011-12-26,7491.6
2012-01-02,7525.9
2012-01-09,7533.0
2012-01-16,7543.7
2012-01-23,7530.1
2012-01-30,7540.4
2012-02-06,7562.8
2012-02-13,7568.9
2012-02-20,7569.4
2012-02-27,7577.9
2012-03-05,7596.2
2012-03-12,7590.7
2012-03-19,7586.2
2012-03-26,7607.7
2012-04-02,7610.9
2012-04-09,7624.4
2012-04-16,7647.3
2012-04-23,7625.3
2012-04-30,7640.6
2012-05-07,7667.2
2012-05-14,7638.9
2012-05-21,7652.8
2012-05-28,7658.0
2012-06-04,7673.4
2012-06-11,7690.0
2012-06-18,7708.8
2012-06-25,7716.9
2012-07-02,7732.0
2012-07-09,7701.7
2012-07-16,7743.8
2012-07-23,7738.2
2012-07-30,7762.5
2012-08-06,7776.5
2012-08-13,7773.9
2012-08-20,7779.6
2012-08-27,7797.3
2012-09-03,7749.9
2012-09-10,7783.4
2012-09-17,7830.4
2012-09-24,7826.7
2012-10-01,7871.7
2012-10-08,7830.1
2012-10-15,7837.7
2012-10-22,7835.1
2012-10-29,7867.0
2012-11-05,7914.5
2012-11-12,7900.5
2012-11-19,7885.2
2012-11-26,7924.3
2012-12-03,7902.2
2012-12-10,7932.8
2012-12-17,8010.4
2012-12-24,8004.9
2012-12-31,8063.2
2013-01-07,8049.3
2013-01-14,8001.0
2013-01-21,7974.5
2013-01-28,8005.5
2013-02-04,7993.4
2013-02-11,7996.7
2013-02-18,7994.7
2013-02-25,8010.8
2013-03-04,8049.5
2013-03-11,8053.5
2013-03-18,8073.1
2013-03-25,8068.6
2013-04-01,8094.5
2013-04-08,8087.6
2013-04-15,8069.2
2013-04-22,8054.3
2013-04-29,8058.7
2013-05-06,8100.7
2013-05-13,8094.0
2013-05-20,8089.6
2013-05-27,8095.7
2013-06-03,8064.1
2013-06-10,8129.7
2013-06-17,8155.5
2013-06-24,8142.3
2013-07-01,8190.1
2013-07-08,8166.5
2013-07-15,8177.2
2013-07-22,8180.7
2013-07-29,8204.4
2013-08-05,8234.7
2013-08-12,8237.8
2013-08-19,8235.9
2013-08-26,8243.2
2013-09-02,8235.6
2013-09-09,8232.3
2013-09-16,8243.1
2013-09-23,8259.1
2013-09-30,8308.0
2013-10-07,8333.5
2013-10-14,8298.4
2013-10-21,8335.3
2013-10-28,8351.8
2013-11-04,8354.9
2013-11-11,8327.3
2013-11-18,8325.3
2013-11-25,8347.9
2013-12-02,8341.1
2013-12-09,8340.1
2013-12-16,8359.7
2013-12-23,8355.3
2013-12-30,8387.6
2014-01-06,8377.3
2014-01-13,8370.2
2014-01-20,8369.9
2014-01-27,8417.5
2014-02-03,8342.7
2014-02-10,8425.9
2014-02-17,8465.5
2014-02-24,8465.1
2014-03-03,8395.0
2014-03-10,8415.2
2014-03-17,8457.6
2014-03-24,8470.5
2014-03-31,8458.6
2014-04-07,8485.7
2014-04-14,8456.5
2014-04-21,8459.8
2014-04-28,8499.6
2014-05-05,8511.1
2014-05-12,8507.9
2014-05-19,8525.9
2014-05-26,8551.9
2014-06-02,8553.9
2014-06-09,8526.1
2014-06-16,8540.9
2014-06-23,8553.5
2014-06-30,8567.1
2014-07-07,8582.5
2014-07-14,8573.8
2014-07-21,8590.1
2014-07-28,8625.0
2014-08-04,8625.8
2014-08-11,8638.0
2014-08-18,8679.6
2014-08-25,8681.5
2014-09-01,8678.8
2014-09-08,8637.6
2014-09-15,8624.5
2014-09-22,8632.0
2014-09-29,8648.9
2014-10-06,8686.3
2014-10-13,8679.1
2014-10-20,8702.7
2014-10-27,8730.4
2014-11-03,8641.1
2014-11-10,8699.9
2014-11-17,8721.6
2014-11-24,8722.1
2014-12-01,8748.8
2014-12-08,8722.9
2014-12-15,8725.2
2014-12-22,8729.1
2014-12-29,8763.9
2015-01-05,8752.5
2015-01-12,8782.1
2015-01-19,8805.5
2015-01-26,8830.1
2015-02-02,8826.3
2015-02-09,8831.8
2015-02-16,8849.4
2015-02-23,8878.1
2015-03-02,8876.0
2015-03-09,8851.0
2015-03-16,8877.3
2015-03-23,8877.0
2015-03-30,8901.7
2015-04-06,8940.6
2015-04-13,8913.2
2015-04-20,8918.0
2015-04-27,8928.0
2015-05-04,8930.3
2015-05-11,8942.5
2015-05-18,8981.4
2015-05-25,8982.2
2015-06-01,9012.9
2015-06-08,8979.0
2015-06-15,8968.5
2015-06-22,8983.4
2015-06-29,8991.3
2015-07-06,9034.8
2015-07-13,9012.9
2015-07-20,9012.3
2015-07-27,9033.2
2015-08-03,8963.6
2015-08-10,9042.7
2015-08-17,9094.9
2015-08-24,9100.8
2015-08-31,9118.2
2015-09-07,9125.4
2015-09-14,9112.5
2015-09-21,9108.4
2015-09-28,9113.7
2015-10-05,9143.9
2015-10-12,9161.7
2015-10-19,9170.6
2015-10-26,9202.9
2015-11-02,9198.8
2015-11-09,9193.9
2015-11-16,9210.0
2015-11-23,9198.4
2015-11-30,9205.1
2015-12-07,9262.9
2015-12-14,9232.1
2015-12-21,9249.3
2015-12-28,9264.2
2016-01-04,9173.6
2016-01-11,9360.3
2016-01-18,9382.3
2016-01-25,9406.8
2016-02-01,9445.9
2016-02-08,9414.0
2016-02-15,9403.9
2016-02-22,9432.8
2016-02-29,9398.3
2016-03-07,9461.8
2016-03-14,9441.1
2016-03-21,9435.9
2016-03-28,9469.0
2016-04-04,9470.5
2016-04-11,9465.7
2016-04-18,9503.0
2016-04-25,9520.9
2016-05-02,9506.6
2016-05-09,9497.2
2016-05-16,9524.6
2016-05-23,9531.7
2016-05-30,9546.5
2016-06-06,9576.6
2016-06-13,9575.3
2016-06-20,9577.5
2016-06-27,9604.7
2016-07-04,9597.2
2016-07-11,9600.9
2016-07-18,9642.6
2016-07-25,9657.2
2016-08-01,9702.2
2016-08-08,9654.8
2016-08-15,9642.0
2016-08-22,9648.9
2016-08-29,9672.6
2016-09-05,9717.9
2016-09-12,9709.4
2016-09-19,9713.9
2016-09-26,9729.4
2016-10-03,9675.3
2016-10-10,9742.8
2016-10-17,9792.5
2016-10-24,9791.8
2016-10-31,9806.5
2016-11-07,9824.0
2016-11-14,9802.1
2016-11-21,9821.6
2016-11-28,9836.3
2016-12-05,9872.6
2016-12-12,9852.1
2016-12-19,9876.7
2016-12-26,9864.3
2017-01-02,9869.3
2017-01-09,9880.3
2017-01-16,9892.3
2017-01-23,9904.7
2017-01-30,9896.3
2017-02-06,9956.4
2017-02-13,9937.3
2017-02-20,9922.2
2017-02-27,9961.2
2017-03-06,9984.6
2017-03-13,9967.9
2017-03-20,9971.3
2017-03-27,9992.7
2017-04-03,9912.3
2017-04-10,10012.3
2017-04-17,10032.4
2017-04-24,10052.9
2017-05-01,10073.3
2017-05-08,10007.2
2017-05-15,9998.2
2017-05-22,10015.6
2017-05-29,10035.4
2017-06-05,10064.1
2017-06-12,10042.2
2017-06-19,10046.6
2017-06-26,10035.4
2017-07-03,9989.0
2017-07-10,10063.1
2017-07-17,10108.6
2017-07-24,10082.8
2017-07-31,10081.2
2017-08-07,10114.6
2017-08-14,10076.9
2017-08-21,10060.6
2017-08-28,10112.2
2017-09-04,10150.9
2017-09-11,10128.9
2017-09-18,10143.3
2017-09-25,10166.6
2017-10-02,10176.1
2017-10-09,10165.7
2017-10-16,10178.7
2017-10-23,10163.0
2017-10-30,10188.7
2017-11-06,10199.7
2017-11-13,10166.5
2017-11-20,10150.9
2017-11-27,10182.5
2017-12-04,10197.1
2017-12-11,10220.0
2017-12-18,10254.0
2017-12-25,10244.2
2018-01-01,10261.3
2018-01-08,10209.9
2018-01-15,10188.4
2018-01-22,10209.5
2018-01-29,10240.5
2018-02-05,10266.5
2018-02-12,10275.4
2018-02-19,10280.7
2018-02-26,10297.4
2018-03-05,10288.2
2018-03-12,10276.1
2018-03-19,10289.7
2018-03-26,10320.1
2018-04-02,10327.5
2018-04-09,10319.2
2018-04-16,10339.0
2018-04-23,10342.0
2018-04-30,10343.3
2018-05-07,10387.5
2018-05-14,10392.1
2018-05-21,10402.1
2018-05-28,10428.0
2018-06-04,10431.5
2018-06-11,10461.4
2018-06-18,10481.9
2018-06-25,10486.3
2018-07-02,10479.7
2018-07-09,10466.9
2018-07-16,10487.6
2018-07-23,10494.0
2018-07-30,10487.7
2018-08-06,10506.8
2018-08-13,10517.9
2018-08-20,10533.4
2018-08-27,10542.6
2018-09-03,10458.6
2018-09-10,10508.8
2018-09-17,10546.2
2018-09-24,10541.3
2018-10-01,10564.2
2018-10-08,10519.7
2018-10-15,10519.7
2018-10-22,10512.1
2018-10-29,10529.1
2018-11-05,10545.0
2018-11-12,10544.5
2018-11-19,10565.6
2018-11-26,10574.8
2018-12-03,10531.7
2018-12-10,10561.7
2018-12-17,10611.6
2018-12-24,10632.8
2018-12-31,10678.6
2019-01-07,10694.7
2019-01-14,10708.1
2019-01-21,10681.8
2019-01-28,10726.9
2019-02-04,10674.1
2019-02-11,10702.6
2019-02-18,10704.1
2019-02-25,10737.0
2019-03-04,10729.8
2019-03-11,10772.9
2019-03-18,10789.0
2019-03-25,10801.3
2019-04-01,10826.3
2019-04-08,10803.8
2019-04-15,10764.9
2019-04-22,10761.9
2019-04-29,10782.4
2019-05-06,10846.7
2019-05-13,10847.7
2019-05-20,10879.3
2019-05-27,10893.3
2019-06-03,10857.6
2019-06-10,10920.1
2019-06-17,10953.9
2019-06-24,10974.8
2019-07-01,11019.8
2019-07-08,11003.8
2019-07-15,10979.8
2019-07-22,11000.8
2019-07-29,11036.8
2019-08-05,11052.4
2019-08-12,11067.7
2019-08-19,11096.7
2019-08-26,11100.7
2019-09-02,11101.5
2019-09-09,11093.2
2019-09-16,11104.8
2019-09-23,11141.7
2019-09-30,11164.7
2019-10-07,11224.0
2019-10-14,11193.7
2019-10-21,11233.6
2019-10-28,11260.6
2019-11-04,11264.8
2019-11-11,11272.7
2019-11-18,11331.2
2019-11-25,11327.0
2019-12-02,11334.4
2019-12-09,11291.8
2019-12-16,11332.6
2019-12-23,11335.3
2019-12-30,11377.7
2020-01-06,11398.6
2020-01-13,11432.9
2020-01-20,11455.3
2020-01-27,11492.5
2020-02-03,11356.8
2020-02-10,11428.1
2020-02-17,11468.1
2020-02-24,11471.2
2020-03-02,11492.5
2020-03-09,11512.3
2020-03-16,11607.9
2020-03-23,11845.6
2020-03-30,12027.3
2020-04-06,12013.7
2020-04-13,12007.2
2020-04-20,12234.5
2020-04-27,12515.3
2020-05-04,1627.3
2020-05-11,1627.3
2020-05-18,1626.1
2020-05-25,1627.2
2020-06-01,1616.8
2020-06-08,1604.3
2020-06-15,1593.9
2020-06-22,1590.3
2020-06-29,1584.2
2020-07-06,1570.6
2020-07-13,1555.2
2020-07-20,1534.2
2020-07-27,1523.2
2020-08-03,1511.8
2020-08-10,1496.0
2020-08-17,1488.8
2020-08-24,1478.9
2020-08-31,1471.0
2020-09-07,1453.9
2020-09-14,1447.3
2020-09-21,1438.5
2020-09-28,1425.7
2020-10-05,1414.9
2020-10-12,1405.7
2020-10-19,1401.0
2020-10-26,1393.2
2020-11-02,1388.9
2020-11-09,1389.0
2020-11-16,1379.2
2020-11-23,1368.0
2020-11-30,1353.5
2020-12-07,1341.8
2020-12-14,1328.3
2020-12-21,1316.1
2020-12-28,1309.3
2021-01-04,1300.5
2021-01-11,1298.1
2021-01-18,1306.2
2021-01-25,1300.3
2021-02-01,1299.3
