DATE,SBCACBW027SBOG
1973-01-03,162.0040
1973-01-10,161.6300
1973-01-17,161.3340
1973-01-24,160.7080
1973-01-31,161.4900
1973-02-07,159.9680
1973-02-14,159.1010
1973-02-21,157.6290
1973-02-28,157.8430
1973-03-07,157.9580
1973-03-14,157.9970
1973-03-21,158.1170
1973-03-28,158.2440
1973-04-04,158.2760
1973-04-11,158.6300
1973-04-18,158.1500
1973-04-25,158.3750
1973-05-02,158.2170
1973-05-09,157.9140
1973-05-16,156.3240
1973-05-23,156.1780
1973-05-30,157.4670
1973-06-06,157.9960
1973-06-13,157.9390
1973-06-20,157.3600
1973-06-27,157.5480
1973-07-04,157.5630
1973-07-11,157.5640
1973-07-18,157.0870
1973-07-25,157.5140
1973-08-01,156.9690
1973-08-08,157.0480
1973-08-15,158.4750
1973-08-22,157.4670
1973-08-29,157.5950
1973-09-05,159.3330
1973-09-12,159.9160
1973-09-19,158.8260
1973-09-26,159.2030
1973-10-03,159.8790
1973-10-10,161.0380
1973-10-17,160.3250
1973-10-24,161.2490
1973-10-31,162.2500
1973-11-07,164.2520
1973-11-14,163.5060
1973-11-21,164.5400
1973-11-28,163.8710
1973-12-05,166.6150
1973-12-12,167.3690
1973-12-19,166.3880
1973-12-26,166.7270
1974-01-02,167.5150
1974-01-09,168.2730
1974-01-16,168.1900
1974-01-23,168.6320
1974-01-30,168.5780
1974-02-06,168.7440
1974-02-13,167.7040
1974-02-20,168.1740
1974-02-27,168.4690
1974-03-06,170.8960
1974-03-13,170.9270
1974-03-20,169.6980
1974-03-27,169.8760
1974-04-03,170.9240
1974-04-10,171.7630
1974-04-17,171.3810
1974-04-24,169.8620
1974-05-01,169.3510
1974-05-08,169.8410
1974-05-15,169.1840
1974-05-22,168.2150
1974-05-29,168.1880
1974-06-05,169.4030
1974-06-12,169.9190
1974-06-19,169.1820
1974-06-26,168.3810
1974-07-03,167.7350
1974-07-10,167.2630
1974-07-17,166.7270
1974-07-24,166.6360
1974-07-31,167.7050
1974-08-07,168.5050
1974-08-14,168.1880
1974-08-21,167.0980
1974-08-28,167.3450
1974-09-04,167.5120
1974-09-11,168.4450
1974-09-18,167.3770
1974-09-25,166.6650
1974-10-02,166.1720
1974-10-09,166.6600
1974-10-16,167.0880
1974-10-23,166.4790
1974-10-30,167.2510
1974-11-06,168.2160
1974-11-13,169.0560
1974-11-20,169.1800
1974-11-27,168.6940
1974-12-04,169.7550
1974-12-11,171.3390
1974-12-18,172.5960
1974-12-25,172.7400
1975-01-01,173.2010
1975-01-08,173.3810
1975-01-15,172.9770
1975-01-22,171.8390
1975-01-29,170.8650
1975-02-05,171.0380
1975-02-12,171.2390
1975-02-19,172.7040
1975-02-26,172.0440
1975-03-05,175.3850
1975-03-12,176.3860
1975-03-19,176.9440
1975-03-26,178.0660
1975-04-02,179.3740
1975-04-09,181.9080
1975-04-16,182.8850
1975-04-23,181.6110
1975-04-30,182.6760
1975-05-07,183.4450
1975-05-14,183.6750
1975-05-21,183.8520
1975-05-28,184.1980
1975-06-04,184.7070
1975-06-11,187.6550
1975-06-18,189.0760
1975-06-25,187.6700
1975-07-02,188.1340
1975-07-09,188.3410
1975-07-16,189.1040
1975-07-23,189.6340
1975-07-30,189.7370
1975-08-06,190.7880
1975-08-13,191.8060
1975-08-20,192.5990
1975-08-27,192.7060
1975-09-03,194.3200
1975-09-10,196.2740
1975-09-17,196.6380
1975-09-24,196.5540
1975-10-01,197.0610
1975-10-08,197.6990
1975-10-15,197.3860
1975-10-22,198.0680
1975-10-29,197.4660
1975-11-05,200.2840
1975-11-12,200.2610
1975-11-19,200.5400
1975-11-26,201.6100
1975-12-03,201.9040
1975-12-10,204.0980
1975-12-17,205.6220
1975-12-24,204.8070
1975-12-31,206.4040
1976-01-07,205.1150
1976-01-14,205.8720
1976-01-21,204.5120
1976-01-28,205.4680
1976-02-04,205.7580
1976-02-11,205.6660
1976-02-18,206.8680
1976-02-25,205.7770
1976-03-03,206.5870
1976-03-10,207.3470
1976-03-17,209.7660
1976-03-24,209.8660
1976-03-31,209.9500
1976-04-07,213.2270
1976-04-14,213.9600
1976-04-21,214.4530
1976-04-28,212.2240
1976-05-05,212.2730
1976-05-12,212.4000
1976-05-19,213.5710
1976-05-26,212.0890
1976-06-02,213.6700
1976-06-09,213.6530
1976-06-16,214.1050
1976-06-23,212.5410
1976-06-30,213.7480
1976-07-07,211.4710
1976-07-14,212.7460
1976-07-21,212.3570
1976-07-28,212.0330
1976-08-04,213.9230
1976-08-11,213.5960
1976-08-18,214.8040
1976-08-25,214.6370
1976-09-01,214.6050
1976-09-08,214.3400
1976-09-15,215.8310
1976-09-22,216.1960
1976-09-29,216.6460
1976-10-06,216.5830
1976-10-13,217.7280
1976-10-20,217.7690
1976-10-27,217.6960
1976-11-03,217.9870
1976-11-10,218.6820
1976-11-17,222.5300
1976-11-24,222.8500
1976-12-01,223.2060
1976-12-08,224.7370
1976-12-15,227.0690
1976-12-22,227.1740
1976-12-29,228.1060
1977-01-05,226.9660
1977-01-12,227.8900
1977-01-19,226.9860
1977-01-26,225.5940
1977-02-02,224.9170
1977-02-09,226.4150
1977-02-16,228.1180
1977-02-23,227.9080
1977-03-02,229.0290
1977-03-09,230.5620
1977-03-16,231.3320
1977-03-23,230.4180
1977-03-30,230.1230
1977-04-06,232.3770
1977-04-13,231.7770
1977-04-20,234.2110
1977-04-27,231.7090
1977-05-04,231.7030
1977-05-11,232.3400
1977-05-18,231.6140
1977-05-25,231.0580
1977-06-01,230.7590
1977-06-08,232.4310
1977-06-15,234.0720
1977-06-22,231.8100
1977-06-29,230.9390
1977-07-06,229.7890
1977-07-13,230.7890
1977-07-20,231.0920
1977-07-27,229.7160
1977-08-03,229.8650
1977-08-10,229.3460
1977-08-17,230.8620
1977-08-24,230.4020
1977-08-31,230.2090
1977-09-07,231.8910
1977-09-14,231.3280
1977-09-21,231.1270
1977-09-28,230.0360
1977-10-05,229.1360
1977-10-12,228.8110
1977-10-19,230.6350
1977-10-26,230.5120
1977-11-02,230.0290
1977-11-09,230.7800
1977-11-16,231.8390
1977-11-23,232.1670
1977-11-30,232.2580
1977-12-07,234.1570
1977-12-14,234.2850
1977-12-21,235.0150
1977-12-28,234.5090
1978-01-04,233.0200
1978-01-11,233.0130
1978-01-18,232.5490
1978-01-25,232.2110
1978-02-01,232.7950
1978-02-08,232.7710
1978-02-15,234.0810
1978-02-22,234.1070
1978-03-01,234.6950
1978-03-08,237.0630
1978-03-15,237.1600
1978-03-22,235.5930
1978-03-29,234.7240
1978-04-05,237.3340
1978-04-12,239.0140
1978-04-19,240.0910
1978-04-26,238.7050
1978-05-03,238.3260
1978-05-10,238.5540
1978-05-17,235.7920
1978-05-24,235.5460
1978-05-31,236.6000
1978-06-07,238.1740
1978-06-14,238.9940
1978-06-21,238.0170
1978-06-28,236.5860
1978-07-05,235.7540
1978-07-12,236.0120
1978-07-19,236.1850
1978-07-26,236.3950
1978-08-02,236.0550
1978-08-09,235.8580
1978-08-16,236.1480
1978-08-23,236.1350
1978-08-30,236.3940
1978-09-06,238.3740
1978-09-13,238.4440
1978-09-20,239.4840
1978-09-27,238.5310
1978-10-04,238.1180
1978-10-11,238.5870
1978-10-18,238.1780
1978-10-25,238.2840
1978-11-01,238.0000
1978-11-08,238.2400
1978-11-15,239.6460
1978-11-22,238.9190
1978-11-29,238.8400
1978-12-06,238.6660
1978-12-13,240.0200
1978-12-20,240.3130
1978-12-27,241.0300
1979-01-03,241.3169
1979-01-10,241.7770
1979-01-17,242.0252
1979-01-24,243.2097
1979-01-31,242.1806
1979-02-07,242.2312
1979-02-14,242.8184
1979-02-21,243.8496
1979-02-28,243.3722
1979-03-07,244.0079
1979-03-14,244.8355
1979-03-21,246.2849
1979-03-28,246.4133
1979-04-04,247.6942
1979-04-11,247.9215
1979-04-18,249.6362
1979-04-25,248.7637
1979-05-02,247.3973
1979-05-09,248.2957
1979-05-16,248.4488
1979-05-23,248.7065
1979-05-30,248.3031
1979-06-06,248.1886
1979-06-13,249.5987
1979-06-20,249.2254
1979-06-27,249.3750
1979-07-04,249.0031
1979-07-11,250.8617
1979-07-18,250.6100
1979-07-25,251.2088
1979-08-01,250.4836
1979-08-08,249.8405
1979-08-15,250.7899
1979-08-22,251.1300
1979-08-29,251.9462
1979-09-05,253.8511
1979-09-12,254.8542
1979-09-19,255.4852
1979-09-26,255.9034
1979-10-03,253.8083
1979-10-10,255.3800
1979-10-17,255.8832
1979-10-24,256.0539
1979-10-31,255.9000
1979-11-07,255.5436
1979-11-14,257.5836
1979-11-21,256.9604
1979-11-28,257.6847
1979-12-05,257.7574
1979-12-12,258.9341
1979-12-19,258.1566
1979-12-26,257.9512
1980-01-02,255.5822
1980-01-09,256.3346
1980-01-16,256.9045
1980-01-23,257.7993
1980-01-30,257.3504
1980-02-06,258.9811
1980-02-13,259.8012
1980-02-20,260.0920
1980-02-27,260.3936
1980-03-05,261.0413
1980-03-12,261.9691
1980-03-19,261.2753
1980-03-26,262.3825
1980-04-02,260.5713
1980-04-09,262.6315
1980-04-16,262.7692
1980-04-23,263.0357
1980-04-30,264.7793
1980-05-07,264.0015
1980-05-14,266.3218
1980-05-21,267.6476
1980-05-28,268.1656
1980-06-04,268.0367
1980-06-11,269.1502
1980-06-18,269.2953
1980-06-25,271.8780
1980-07-02,272.4087
1980-07-09,273.5452
1980-07-16,274.9058
1980-07-23,276.4518
1980-07-30,276.7737
1980-08-06,279.3810
1980-08-13,278.9247
1980-08-20,281.3261
1980-08-27,282.0773
1980-09-03,282.9165
1980-09-10,282.8813
1980-09-17,284.3340
1980-09-24,284.4720
1980-10-01,286.4545
1980-10-08,286.1192
1980-10-15,286.2149
1980-10-22,287.2427
1980-10-29,287.3653
1980-11-05,289.4937
1980-11-12,291.5822
1980-11-19,291.8539
1980-11-26,292.6759
1980-12-03,291.5899
1980-12-10,293.0418
1980-12-17,292.7262
1980-12-24,293.8690
1980-12-31,294.8637
1981-01-07,294.4320
1981-01-14,295.8841
1981-01-21,295.9621
1981-01-28,295.9805
1981-02-04,297.3620
1981-02-11,297.4866
1981-02-18,297.3623
1981-02-25,298.5612
1981-03-04,299.5829
1981-03-11,298.6130
1981-03-18,299.4367
1981-03-25,298.7805
1981-04-01,302.3395
1981-04-08,301.7293
1981-04-15,300.6743
1981-04-22,302.3191
1981-04-29,302.3739
1981-05-06,303.5961
1981-05-13,303.6244
1981-05-20,302.7834
1981-05-27,302.8361
1981-06-03,305.2362
1981-06-10,305.3129
1981-06-17,306.0827
1981-06-24,304.9298
1981-07-01,304.3169
1981-07-08,304.4055
1981-07-15,304.7757
1981-07-22,304.4202
1981-07-29,305.3899
1981-08-05,305.5225
1981-08-12,304.7747
1981-08-19,303.6499
1981-08-26,304.7928
1981-09-02,304.5723
1981-09-09,303.6900
1981-09-16,305.3992
1981-09-23,305.2023
1981-09-30,307.8906
1981-10-07,306.8263
1981-10-14,306.3405
1981-10-21,306.8203
1981-10-28,307.5418
1981-11-04,307.4963
1981-11-11,306.8264
1981-11-18,305.8777
1981-11-25,306.8548
1981-12-02,307.5762
1981-12-09,306.4898
1981-12-16,306.9364
1981-12-23,307.4648
1981-12-30,306.6959
1982-01-06,303.8667
1982-01-13,305.3894
1982-01-20,306.1712
1982-01-27,307.1433
1982-02-03,307.2623
1982-02-10,308.5420
1982-02-17,309.2938
1982-02-24,308.9421
1982-03-03,307.3963
1982-03-10,307.8204
1982-03-17,309.4890
1982-03-24,309.8440
1982-03-31,312.5474
1982-04-07,315.9453
1982-04-14,313.3350
1982-04-21,313.5439
1982-04-28,312.2586
1982-05-05,314.3255
1982-05-12,313.8472
1982-05-19,313.5570
1982-05-26,314.2489
1982-06-02,313.2664
1982-06-09,315.4409
1982-06-16,314.7139
1982-06-23,316.0888
1982-06-30,317.1380
1982-07-07,316.4681
1982-07-14,316.3390
1982-07-21,316.5088
1982-07-28,317.7959
1982-08-04,317.4811
1982-08-11,319.8583
1982-08-18,318.2727
1982-08-25,318.5309
1982-09-01,318.4313
1982-09-08,320.9488
1982-09-15,321.7670
1982-09-22,321.8521
1982-09-29,322.2932
1982-10-06,324.3049
1982-10-13,325.0056
1982-10-20,324.9073
1982-10-27,326.1527
1982-11-03,326.9575
1982-11-10,326.8232
1982-11-17,326.1965
1982-11-24,327.6741
1982-12-01,328.6973
1982-12-08,331.6849
1982-12-15,332.0889
1982-12-22,334.8213
1982-12-29,335.7654
1983-01-05,339.7442
1983-01-12,338.1880
1983-01-19,338.4226
1983-01-26,340.1070
1983-02-02,343.0908
1983-02-09,343.3722
1983-02-16,346.0959
1983-02-23,345.9963
1983-03-02,349.0234
1983-03-09,352.0556
1983-03-16,353.5929
1983-03-23,355.5408
1983-03-30,356.9983
1983-04-06,361.1506
1983-04-13,361.1395
1983-04-20,363.6468
1983-04-27,365.5128
1983-05-04,366.8219
1983-05-11,369.0133
1983-05-18,372.1504
1983-05-25,373.3787
1983-06-01,375.6695
1983-06-08,378.9788
1983-06-15,380.1964
1983-06-22,381.1216
1983-06-29,381.8638
1983-07-06,383.4852
1983-07-13,380.0090
1983-07-20,381.9640
1983-07-27,380.7638
1983-08-03,381.2831
1983-08-10,379.8539
1983-08-17,382.8926
1983-08-24,383.8718
1983-08-31,384.2662
1983-09-07,384.7768
1983-09-14,386.9011
1983-09-21,387.2516
1983-09-28,388.6947
1983-10-05,391.5703
1983-10-12,390.1945
1983-10-19,393.1375
1983-10-26,394.2560
1983-11-02,393.4033
1983-11-09,395.2411
1983-11-16,396.3334
1983-11-23,397.1457
1983-11-30,395.4524
1983-12-07,397.9490
1983-12-14,398.9023
1983-12-21,398.0227
1983-12-28,396.4398
1984-01-04,400.7669
1984-01-11,398.9045
1984-01-18,398.9630
1984-01-25,397.3977
1984-02-01,397.5246
1984-02-08,397.8210
1984-02-15,400.3414
1984-02-22,397.3589
1984-02-29,400.7558
1984-03-07,399.7062
1984-03-14,404.2798
1984-03-21,402.7628
1984-03-28,403.4384
1984-04-04,403.7609
1984-04-11,400.9053
1984-04-18,404.2693
1984-04-25,404.8945
1984-05-02,403.4814
1984-05-09,402.5829
1984-05-16,401.4721
1984-05-23,401.3206
1984-05-30,403.1575
1984-06-06,401.2090
1984-06-13,401.9968
1984-06-20,400.9701
1984-06-27,403.2207
1984-07-04,401.2102
1984-07-11,402.3713
1984-07-18,399.8563
1984-07-25,400.4459
1984-08-01,399.4868
1984-08-08,400.0925
1984-08-15,399.7517
1984-08-22,400.9212
1984-08-29,401.6249
1984-09-05,399.4073
1984-09-12,401.5208
1984-09-19,402.0406
1984-09-26,404.4041
1984-10-03,399.7347
1984-10-10,400.2111
1984-10-17,401.2800
1984-10-24,399.8135
1984-10-31,402.5303
1984-11-07,400.5160
1984-11-14,401.6896
1984-11-21,401.1533
1984-11-28,400.4036
1984-12-05,400.6561
1984-12-12,401.3082
1984-12-19,400.6073
1984-12-26,403.8743
1985-01-02,398.1390
1985-01-09,400.7485
1985-01-16,400.0218
1985-01-23,401.5627
1985-01-30,402.7819
1985-02-06,405.8207
1985-02-13,406.1073
1985-02-20,406.1107
1985-02-27,406.6906
1985-03-06,409.1582
1985-03-13,410.3371
1985-03-20,409.2414
1985-03-27,408.649
1985-04-03,410.9886
1985-04-10,407.5844
1985-04-17,409.4452
1985-04-24,410.5186
1985-05-01,407.7468
1985-05-08,410.6117
1985-05-15,413.1816
1985-05-22,415.2174
1985-05-29,416.8582
1985-06-05,417.2748
1985-06-12,417.741
1985-06-19,419.5077
1985-06-26,421.4905
1985-07-03,422.2423
1985-07-10,420.9251
1985-07-17,418.6683
1985-07-24,418.6032
1985-07-31,416.8955
1985-08-07,415.6729
1985-08-14,419.0254
1985-08-21,418.5823
1985-08-28,420.023
1985-09-04,417.3399
1985-09-11,420.0124
1985-09-18,419.4849
1985-09-25,423.8557
1985-10-02,420.9694
1985-10-09,422.3347
1985-10-16,422.4727
1985-10-23,422.7741
1985-10-30,421.7784
1985-11-06,426.4332
1985-11-13,425.9768
1985-11-20,427.1919
1985-11-27,431.1862
1985-12-04,430.0061
1985-12-11,431.6426
1985-12-18,438.5774
1985-12-25,441.5485
1986-01-01,453.1399
1986-01-08,452.335
1986-01-15,454.1549
1986-01-22,453.8802
1986-01-29,454.7396
1986-02-05,453.0298
1986-02-12,452.5506
1986-02-19,453.9517
1986-02-26,455.3246
1986-03-05,450.014
1986-03-12,449.8022
1986-03-19,449.2607
1986-03-26,449.1187
1986-04-02,452.4958
1986-04-09,457.4518
1986-04-16,453.8954
1986-04-23,453.7883
1986-04-30,456.5348
1986-05-07,457.4016
1986-05-14,457.846
1986-05-21,457.7543
1986-05-28,459.9261
1986-06-04,460.2798
1986-06-11,460.3904
1986-06-18,461.3302
1986-06-25,464.2838
1986-07-02,465.7566
1986-07-09,466.2387
1986-07-16,471.8642
1986-07-23,475.054
1986-07-30,476.1456
1986-08-06,478.7615
1986-08-13,478.1442
1986-08-20,478.8233
1986-08-27,484.9089
1986-09-03,489.4886
1986-09-10,490.4532
1986-09-17,492.474
1986-09-24,490.2365
1986-10-01,492.225
1986-10-08,491.1238
1986-10-15,489.4033
1986-10-22,489.3908
1986-10-29,491.8549
1986-11-05,491.3811
1986-11-12,492.9967
1986-11-19,491.1946
1986-11-26,493.9206
1986-12-03,495.2898
1986-12-10,496.7833
1986-12-17,494.6925
1986-12-24,501.0823
1986-12-31,499.3202
1987-01-07,500.2918
1987-01-14,499.7156
1987-01-21,498.2704
1987-01-28,500.1922
1987-02-04,500.395
1987-02-11,500.0486
1987-02-18,500.2018
1987-02-25,502.5519
1987-03-04,501.8666
1987-03-11,502.1724
1987-03-18,502.3266
1987-03-25,501.8482
1987-04-01,505.8334
1987-04-08,507.1226
1987-04-15,506.3883
1987-04-22,507.3845
1987-04-29,510.6947
1987-05-06,511.6839
1987-05-13,510.9422
1987-05-20,511.5649
1987-05-27,513.2551
1987-06-03,513.5942
1987-06-10,513.487
1987-06-17,513.78
1987-06-24,512.3854
1987-07-01,511.1566
1987-07-08,513.9586
1987-07-15,514.593
1987-07-22,514.2524
1987-07-29,515.2529
1987-08-05,518.5303
1987-08-12,517.611
1987-08-19,517.7786
1987-08-26,517.4798
1987-09-02,516.0948
1987-09-09,520.6216
1987-09-16,519.7321
1987-09-23,522.5797
1987-09-30,520.5614
1987-10-07,518.2997
1987-10-14,518.4243
1987-10-21,520.1125
1987-10-28,522.0195
1987-11-04,520.4375
1987-11-11,520.3513
1987-11-18,522.3902
1987-11-25,523.153
1987-12-02,520.3251
1987-12-09,522.5154
1987-12-16,523.9293
1987-12-23,526.0432
1987-12-30,529.0975
1988-01-06,525.8115
1988-01-13,526.546
1988-01-20,528.0045
1988-01-27,528.3497
1988-02-03,526.9262
1988-02-10,526.4228
1988-02-17,526.6102
1988-02-24,528.7001
1988-03-02,528.2233
1988-03-09,529.3765
1988-03-16,530.9788
1988-03-23,529.936
1988-03-30,533.9142
1988-04-06,535.4606
1988-04-13,534.8036
1988-04-20,538.2262
1988-04-27,537.9956
1988-05-04,538.3129
1988-05-11,539.6991
1988-05-18,538.0068
1988-05-25,542.575
1988-06-01,541.9655
1988-06-08,544.5991
1988-06-15,546.9853
1988-06-22,544.0601
1988-06-29,545.6093
1988-07-06,544.2856
1988-07-13,543.9138
1988-07-20,544.4065
1988-07-27,546.2311
1988-08-03,547.2586
1988-08-10,544.233
1988-08-17,543.5876
1988-08-24,544.9695
1988-08-31,544.4173
1988-09-07,541.1728
1988-09-14,542.8873
1988-09-21,543.8256
1988-09-28,547.1988
1988-10-05,544.8486
1988-10-12,544.7927
1988-10-19,543.9249
1988-10-26,546.1024
1988-11-02,543.0675
1988-11-09,542.9163
1988-11-16,547.7587
1988-11-23,548.5264
1988-11-30,549.226
1988-12-07,549.4054
1988-12-14,548.9602
1988-12-21,550.4404
1988-12-28,549.7475
1989-01-04,546.5908
1989-01-11,548.6097
1989-01-18,549.2408
1989-01-25,548.6215
1989-02-01,546.5395
1989-02-08,545.9417
1989-02-15,548.0914
1989-02-22,547.12
1989-03-01,547.9401
1989-03-08,546.5186
1989-03-15,549.1317
1989-03-22,550.6421
1989-03-29,554.2922
1989-04-05,553.5617
1989-04-12,551.7977
1989-04-19,552.5741
1989-04-26,552.643
1989-05-03,552.2606
1989-05-10,552.6589
1989-05-17,553.7355
1989-05-24,557.7699
1989-05-31,555.7518
1989-06-07,553.2038
1989-06-14,553.681
1989-06-21,555.7838
1989-06-28,559.3961
1989-07-05,557.8294
1989-07-12,556.3641
1989-07-19,554.7917
1989-07-26,556.7422
1989-08-02,551.5697
1989-08-09,555.152
1989-08-16,554.3893
1989-08-23,557.2324
1989-08-30,556.2538
1989-09-06,553.3046
1989-09-13,552.8946
1989-09-20,554.7869
1989-09-27,557.199
1989-10-04,555.5001
1989-10-11,559.2713
1989-10-18,563.3395
1989-10-25,565.6192
1989-11-01,566.9784
1989-11-08,565.7157
1989-11-15,566.8509
1989-11-22,567.5652
1989-11-29,566.299
1989-12-06,569.578
1989-12-13,572.7701
1989-12-20,570.6055
1989-12-27,568.8272
1990-01-03,570.3329
1990-01-10,575.4189
1990-01-17,576.8528
1990-01-24,582.8656
1990-01-31,586.6979
1990-02-07,586.3291
1990-02-14,587.5364
1990-02-21,590.2561
1990-02-28,591.2411
1990-03-07,590.0045
1990-03-14,591.8576
1990-03-21,591.4918
1990-03-28,592.0357
1990-04-04,592.4308
1990-04-11,593.275
1990-04-18,594.962
1990-04-25,598.354
1990-05-02,599.3677
1990-05-09,597.104
1990-05-16,598.0534
1990-05-23,601.9876
1990-05-30,601.459
1990-06-06,604.5508
1990-06-13,606.5238
1990-06-20,609.364
1990-06-27,609.8639
1990-07-04,607.9498
1990-07-11,610.4509
1990-07-18,611.7295
1990-07-25,611.2628
1990-08-01,611.1677
1990-08-08,609.4832
1990-08-15,612.4702
1990-08-22,612.4057
1990-08-29,616.2699
1990-09-05,614.0343
1990-09-12,615.0543
1990-09-19,618.9807
1990-09-26,614.3176
1990-10-03,613.5438
1990-10-10,614.6454
1990-10-17,616.1884
1990-10-24,616.8462
1990-10-31,618.9532
1990-11-07,619.1486
1990-11-14,619.414
1990-11-21,619.0541
1990-11-28,617.1198
1990-12-05,616.4348
1990-12-12,619.9851
1990-12-19,620.0536
1990-12-26,623.7755
1991-01-02,618.0297
1991-01-09,621.7807
1991-01-16,623.3424
1991-01-23,627.9796
1991-01-30,625.9214
1991-02-06,625.2472
1991-02-13,628.1103
1991-02-20,629.29
1991-02-27,630.9222
1991-03-06,634.3982
1991-03-13,637.5331
1991-03-20,642.8275
1991-03-27,642.9751
1991-04-03,645.0525
1991-04-10,641.3816
1991-04-17,642.58
1991-04-24,644.2527
1991-05-01,647.4755
1991-05-08,646.35
1991-05-15,649.0893
1991-05-22,649.8829
1991-05-29,650.393
1991-06-05,652.1175
1991-06-12,657.4356
1991-06-19,657.7182
1991-06-26,662.6375
1991-07-03,662.819
1991-07-10,666.2835
1991-07-17,666.4571
1991-07-24,668.3996
1991-07-31,672.2221
1991-08-07,671.9699
1991-08-14,672.9386
1991-08-21,675.5027
1991-08-28,675.9343
1991-09-04,679.5978
1991-09-11,683.838
1991-09-18,685.6417
1991-09-25,687.26
1991-10-02,693.1083
1991-10-09,696.5136
1991-10-16,698.9256
1991-10-23,702.3543
1991-10-30,706.8737
1991-11-06,709.2903
1991-11-13,713.3237
1991-11-20,714.1995
1991-11-27,719.0466
1991-12-04,718.7745
1991-12-11,722.4562
1991-12-18,725.2651
1991-12-25,731.0784
1992-01-01,731.9918
1992-01-08,733.2816
1992-01-15,734.8136
1992-01-22,737.3016
1992-01-29,737.4196
1992-02-05,744.5354
1992-02-12,742.5761
1992-02-19,745.0744
1992-02-26,744.0001
1992-03-04,746.6437
1992-03-11,749.1271
1992-03-18,748.3361
1992-03-25,754.4039
1992-04-01,748.7887
1992-04-08,750.9932
1992-04-15,758.4989
1992-04-22,758.6799
1992-04-29,755.9827
1992-05-06,763.0095
1992-05-13,767.8743
1992-05-20,763.1822
1992-05-27,766.4113
1992-06-03,768.8471
1992-06-10,772.6305
1992-06-17,772.1347
1992-06-24,778.0168
1992-07-01,778.2
1992-07-08,781.37
1992-07-15,784.597
1992-07-22,789.803
1992-07-29,784.747
1992-08-05,794.7919
1992-08-12,796.361
1992-08-19,796.7562
1992-08-26,797.5809
1992-09-02,799.4276
1992-09-09,800.4409
1992-09-16,798.1648
1992-09-23,801.7301
1992-09-30,807.8893
1992-10-07,806.0587
1992-10-14,808.5476
1992-10-21,808.7285
1992-10-28,807.7586
1992-11-04,811.2228
1992-11-11,815.5255
1992-11-18,816.1962
1992-11-25,817.8456
1992-12-02,821.9011
1992-12-09,821.6066
1992-12-16,821.5159
1992-12-23,826.5481
1992-12-30,831.4227
1993-01-06,824.288
1993-01-13,824.1836
1993-01-20,821.7384
1993-01-27,821.8498
1993-02-03,833.5413
1993-02-10,830.6621
1993-02-17,832.3703
1993-02-24,836.7685
1993-03-03,837.764
1993-03-10,841.4757
1993-03-17,846.63
1993-03-24,851.2988
1993-03-31,855.4421
1993-04-07,852.1044
1993-04-14,856.1819
1993-04-21,859.0246
1993-04-28,860.7593
1993-05-05,860.6775
1993-05-12,859.5355
1993-05-19,859.1119
1993-05-26,858.0238
1993-06-02,867.3619
1993-06-09,868.2762
1993-06-16,868.2068
1993-06-23,873.2238
1993-06-30,872.6612
1993-07-07,878.5641
1993-07-14,879.487
1993-07-21,881.7992
1993-07-28,878.2513
1993-08-04,885.8581
1993-08-11,883.6072
1993-08-18,885.7354
1993-08-25,879.8803
1993-09-01,878.4075
1993-09-08,882.4736
1993-09-15,885.9935
1993-09-22,890.3121
1993-09-29,884.4812
1993-10-06,883.9039
1993-10-13,884.5641
1993-10-20,882.1379
1993-10-27,879.534
1993-11-03,882.861
1993-11-10,889.6411
1993-11-17,883.1494
1993-11-24,883.9085
1993-12-01,885.8098
1993-12-08,889.6187
1993-12-15,891.231
1993-12-22,893.3069
1993-12-29,893.4189
1994-01-05,904.0289
1994-01-12,903.8296
1994-01-19,900.5972
1994-01-26,894.3861
1994-02-02,892.9445
1994-02-09,892.1652
1994-02-16,894.2149
1994-02-23,894.233
1994-03-02,900.3155
1994-03-09,905.9562
1994-03-16,905.5974
1994-03-23,912.8731
1994-03-30,917.5014
1994-04-06,916.7745
1994-04-13,918.5425
1994-04-20,918.0586
1994-04-27,915.7825
1994-05-04,912.5532
1994-05-11,914.5903
1994-05-18,911.6613
1994-05-25,911.9834
1994-06-01,911.3206
1994-06-08,909.9791
1994-06-15,918.5027
1994-06-22,917.7392
1994-06-29,919.6563
1994-07-06,923.0074
1994-07-13,922.1431
1994-07-20,916.9177
1994-07-27,917.8426
1994-08-03,911.0577
1994-08-10,911.9536
1994-08-17,911.8272
1994-08-24,912.2379
1994-08-31,912.7281
1994-09-07,908.6578
1994-09-14,915.2761
1994-09-21,912.7408
1994-09-28,906.2862
1994-10-05,898.7003
1994-10-12,899.0377
1994-10-19,899.5317
1994-10-26,897.497
1994-11-02,896.4038
1994-11-09,890.2021
1994-11-16,892.1563
1994-11-23,888.0056
1994-11-30,888.9136
1994-12-07,887.3597
1994-12-14,891.0833
1994-12-21,890.2997
1994-12-28,892.1203
1995-01-04,891.2435
1995-01-11,894.0615
1995-01-18,893.1137
1995-01-25,890.5761
1995-02-01,883.5862
1995-02-08,881.0382
1995-02-15,876.7035
1995-02-22,873.4384
1995-03-01,868.1939
1995-03-08,864.6457
1995-03-15,867.9747
1995-03-22,862.3519
1995-03-29,859.0539
1995-04-05,898.6104
1995-04-12,900.7428
1995-04-19,903.8488
1995-04-26,900.2723
1995-05-03,897.7891
1995-05-10,896.0021
1995-05-17,892.4252
1995-05-24,895.4907
1995-05-31,894.8594
1995-06-07,891.9123
1995-06-14,893.3807
1995-06-21,894.6168
1995-06-28,891.0497
1995-07-05,891.0414
1995-07-12,893.9452
1995-07-19,893.3311
1995-07-26,893.3429
1995-08-02,889.1752
1995-08-09,894.9813
1995-08-16,900.6112
1995-08-23,902.6364
1995-08-30,898.3981
1995-09-06,895.3587
1995-09-13,902.6597
1995-09-20,903.4266
1995-09-27,902.9346
1995-10-04,900.8633
1995-10-11,899.6847
1995-10-18,898.7901
1995-10-25,901.7572
1995-11-01,895.8512
1995-11-08,892.9189
1995-11-15,896.6746
1995-11-22,896.4318
1995-11-29,892.3786
1995-12-06,890.9622
1995-12-13,895.3649
1995-12-20,895.6892
1995-12-27,891.3066
1996-01-03,888.7784
1996-01-10,890.7358
1996-01-17,890.5475
1996-01-24,893.1489
1996-01-31,894.0913
1996-02-07,897.9723
1996-02-14,899.4869
1996-02-21,899.4994
1996-02-28,901.8637
1996-03-06,889.7588
1996-03-13,897.0071
1996-03-20,898.7424
1996-03-27,900.7716
1996-04-03,886.3788
1996-04-10,893.8116
1996-04-17,898.624
1996-04-24,900.6456
1996-05-01,898.2083
1996-05-08,902.8576
1996-05-15,902.8263
1996-05-22,900.2686
1996-05-29,897.2957
1996-06-05,894.6109
1996-06-12,900.7006
1996-06-19,898.5412
1996-06-26,902.1381
1996-07-03,900.8208
1996-07-10,905.3409
1996-07-17,899.5939
1996-07-24,901.4408
1996-07-31,892.5241
1996-08-07,899.5073
1996-08-14,900.7569
1996-08-21,893.4464
1996-08-28,890.833
1996-09-04,891.2773
1996-09-11,896.5891
1996-09-18,890.4739
1996-09-25,896.6275
1996-10-02,900.8642
1996-10-09,897.6203
1996-10-16,897.6816
1996-10-23,890.0555
1996-10-30,894.3799
1996-11-06,894.7048
1996-11-13,896.5035
1996-11-20,896.3324
1996-11-27,898.2397
1996-12-04,893.9321
1996-12-11,897.7275
1996-12-18,891.4719
1996-12-25,892.0175
1997-01-01,891.0874
1997-01-08,900.7122
1997-01-15,895.0642
1997-01-22,902.8157
1997-01-29,904.5493
1997-02-05,901.1531
1997-02-12,904.6424
1997-02-19,900.2644
1997-02-26,898.4434
1997-03-05,901.7715
1997-03-12,910.5127
1997-03-19,913.3934
1997-03-26,917.853
1997-04-02,918.9446
1997-04-09,920.6133
1997-04-16,929.0597
1997-04-23,930.9816
1997-04-30,932.5679
1997-05-07,926.4189
1997-05-14,926.2771
1997-05-21,921.0859
1997-05-28,922.9202
1997-06-04,922.3252
1997-06-11,928.3477
1997-06-18,927.8204
1997-06-25,930.3036
1997-07-02,936.1783
1997-07-09,938.5959
1997-07-16,937.3475
1997-07-23,936.9346
1997-07-30,940.7494
1997-08-06,936.1454
1997-08-13,928.4719
1997-08-20,929.7884
1997-08-27,940.8107
1997-09-03,943.5508
1997-09-10,944.3875
1997-09-17,943.7758
1997-09-24,953.9333
1997-10-01,956.3264
1997-10-08,958.2536
1997-10-15,950.4432
1997-10-22,957.9574
1997-10-29,959.5552
1997-11-05,973.2999
1997-11-12,977.8242
1997-11-19,970.4595
1997-11-26,985.2818
1997-12-03,984.5212
1997-12-10,974.604
1997-12-17,980.9927
1997-12-24,989.015
1997-12-31,998.3247
1998-01-07,1002.4268
1998-01-14,1005.3245
1998-01-21,1010.9759
1998-01-28,1006.3554
1998-02-04,1016.1366
1998-02-11,1010.1205
1998-02-18,1014.3806
1998-02-25,1013.6433
1998-03-04,1031.7705
1998-03-11,1029.1366
1998-03-18,1030.5215
1998-03-25,1029.2504
1998-04-01,1038.4259
1998-04-08,1024.0464
1998-04-15,1019.4844
1998-04-22,1013.7395
1998-04-29,1026.884
1998-05-06,1035.6511
1998-05-13,1028.4736
1998-05-20,1031.9387
1998-05-27,1030.7727
1998-06-03,1031.4244
1998-06-10,1023.1188
1998-06-17,1019.1485
1998-06-24,1025.2655
1998-07-01,1034.3997
1998-07-08,1026.7442
1998-07-15,1027.2078
1998-07-22,1029.5572
1998-07-29,1033.3268
1998-08-05,1038.6534
1998-08-12,1040.1034
1998-08-19,1048.3703
1998-08-26,1052.499
1998-09-02,1057.5869
1998-09-09,1050.4784
1998-09-16,1048.2248
1998-09-23,1054.3211
1998-09-30,1058.5607
1998-10-07,1050.4194
1998-10-14,1063.3812
1998-10-21,1080.6974
1998-10-28,1088.8941
1998-11-04,1090.5834
1998-11-11,1088.7119
1998-11-18,1094.3412
1998-11-25,1097.2993
1998-12-02,1091.6607
1998-12-09,1094.9094
1998-12-16,1090.2507
1998-12-23,1099.0766
1998-12-30,1101.3002
1999-01-06,1095.6365
1999-01-13,1102.3613
1999-01-20,1099.2732
1999-01-27,1100.1465
1999-02-03,1092.9654
1999-02-10,1094.598
1999-02-17,1089.066
1999-02-24,1092.719
1999-03-03,1094.1149
1999-03-10,1095.8813
1999-03-17,1097.1726
1999-03-24,1106.5801
1999-03-31,1104.465
1999-04-07,1095.0696
1999-04-14,1106.7087
1999-04-21,1101.8776
1999-04-28,1100.165
1999-05-05,1099.841
1999-05-12,1103.2265
1999-05-19,1101.0227
1999-05-26,1105.5089
1999-06-02,1101.4615
1999-06-09,1101.8263
1999-06-16,1112.6046
1999-06-23,1117.5588
1999-06-30,1122.1719
1999-07-07,1112.8464
1999-07-14,1121.7421
1999-07-21,1122.269
1999-07-28,1111.6385
1999-08-04,1113.7834
1999-08-11,1122.6027
1999-08-18,1125.2951
1999-08-25,1126.5119
1999-09-01,1121.5099
1999-09-08,1118.4985
1999-09-15,1131.2514
1999-09-22,1135.0403
1999-09-29,1127.9548
1999-10-06,1134.378
1999-10-13,1141.9334
1999-10-20,1137.5485
1999-10-27,1136.072
1999-11-03,1124.9684
1999-11-10,1126.5003
1999-11-17,1132.1429
1999-11-24,1133.7941
1999-12-01,1131.7358
1999-12-08,1137.052
1999-12-15,1144.8407
1999-12-22,1149.259
1999-12-29,1149.827
2000-01-05,1142.8563
2000-01-12,1148.9271
2000-01-19,1147.1033
2000-01-26,1153.5673
2000-02-02,1143.4065
2000-02-09,1139.965
2000-02-16,1136.3445
2000-02-23,1141.9651
2000-03-01,1144.2568
2000-03-08,1146.3831
2000-03-15,1152.5646
2000-03-22,1152.6726
2000-03-29,1160.5836
2000-04-05,1158.8042
2000-04-12,1160.3094
2000-04-19,1159.9665
2000-04-26,1161.8986
2000-05-03,1158.4469
2000-05-10,1165.5414
2000-05-17,1159.3768
2000-05-24,1169.1186
2000-05-31,1165.7205
2000-06-07,1164.4019
2000-06-14,1168.6262
2000-06-21,1172.5911
2000-06-28,1171.7511
2000-07-05,1174.6162
2000-07-12,1176.2185
2000-07-19,1181.2839
2000-07-26,1180.4886
2000-08-02,1179.8491
2000-08-09,1175.4687
2000-08-16,1179.1157
2000-08-23,1176.7954
2000-08-30,1174.7748
2000-09-06,1179.2086
2000-09-13,1187.0875
2000-09-20,1184.7937
2000-09-27,1181.9096
2000-10-04,1172.6833
2000-10-11,1176.8318
2000-10-18,1163.5191
2000-10-25,1158.9887
2000-11-01,1160.0503
2000-11-08,1155.0329
2000-11-15,1162.4742
2000-11-22,1164.2904
2000-11-29,1162.8815
2000-12-06,1159.748
2000-12-13,1176.8333
2000-12-20,1174.7542
2000-12-27,1179.4554
2001-01-03,1188.674
2001-01-10,1191.6026
2001-01-17,1187.8975
2001-01-24,1187.9694
2001-01-31,1197.9406
2001-02-07,1185.2358
2001-02-14,1187.7955
2001-02-21,1177.876
2001-02-28,1176.5116
2001-03-07,1177.7253
2001-03-14,1175.6146
2001-03-21,1176.8836
2001-03-28,1182.3792
2001-04-04,1180.4003
2001-04-11,1186.5367
2001-04-18,1178.3161
2001-04-25,1187.5548
2001-05-02,1187.0161
2001-05-09,1187.362
2001-05-16,1191.8868
2001-05-23,1193.9943
2001-05-30,1197.7262
2001-06-06,1205.2968
2001-06-13,1204.6041
2001-06-20,1201.2725
2001-06-27,1197.662
2001-07-04,1197.3342
2001-07-11,1207.2475
2001-07-18,1207.8768
2001-07-25,1212.5792
2001-08-01,1226.1501
2001-08-08,1227.04
2001-08-15,1218.9892
2001-08-22,1222.184
2001-08-29,1225.8337
2001-09-05,1227.5131
2001-09-12,1235.7009
2001-09-19,1246.0118
2001-09-26,1242.2675
2001-10-03,1247.6761
2001-10-10,1254.065
2001-10-17,1253.6737
2001-10-24,1253.1655
2001-10-31,1278.284
2001-11-07,1275.9068
2001-11-14,1271.0572
2001-11-21,1271.9502
2001-11-28,1273.689
2001-12-05,1300.1702
2001-12-12,1292.617
2001-12-19,1299.6835
2001-12-26,1308.2739
2002-01-02,1313.8854
2002-01-09,1305.4926
2002-01-16,1297.0387
2002-01-23,1298.1212
2002-01-30,1295.2229
2002-02-06,1299.9344
2002-02-13,1299.1769
2002-02-20,1294.2691
2002-02-27,1301.8617
2002-03-06,1307.6804
2002-03-13,1307.4335
2002-03-20,1328.5361
2002-03-27,1318.8178
2002-04-03,1320.4606
2002-04-10,1325.6716
2002-04-17,1329.6048
2002-04-24,1319.5426
2002-05-01,1321.7002
2002-05-08,1324.8676
2002-05-15,1336.0893
2002-05-22,1340.7944
2002-05-29,1334.1589
2002-06-05,1348.9125
2002-06-12,1344.4757
2002-06-19,1347.9539
2002-06-26,1344.7147
2002-07-03,1343.9146
2002-07-10,1355.417
2002-07-17,1347.314
2002-07-24,1364.1131
2002-07-31,1370.008
2002-08-07,1372.813
2002-08-14,1379.3274
2002-08-21,1381.6596
2002-08-28,1390.0248
2002-09-04,1404.3968
2002-09-11,1394.1522
2002-09-18,1392.161
2002-09-25,1402.1011
2002-10-02,1419.5533
2002-10-09,1423.0109
2002-10-16,1411.8027
2002-10-23,1436.8281
2002-10-30,1438.536
2002-11-06,1450.1072
2002-11-13,1456.4257
2002-11-20,1451.2067
2002-11-27,1457.4243
2002-12-04,1466.902
2002-12-11,1494.5244
2002-12-18,1480.2139
2002-12-25,1490.4553
2003-01-01,1500.6311
2003-01-08,1503.9172
2003-01-15,1497.1983
2003-01-22,1486.4832
2003-01-29,1471.9887
2003-02-05,1504.5273
2003-02-12,1505.6279
2003-02-19,1507.2219
2003-02-26,1512.5878
2003-03-05,1526.7151
2003-03-12,1528.5639
2003-03-19,1517.2812
2003-03-26,1518.132
2003-04-02,1529.5419
2003-04-09,1520.0648
2003-04-16,1516.6368
2003-04-23,1554.3227
2003-04-30,1572.7736
2003-05-07,1558.2502
2003-05-14,1566.0441
2003-05-21,1568.9009
2003-05-28,1584.9607
2003-06-04,1593.8739
2003-06-11,1592.6056
2003-06-18,1598.6147
2003-06-25,1592.1392
2003-07-02,1629.9871
2003-07-09,1621.1729
2003-07-16,1576.8406
2003-07-23,1603.7714
2003-07-30,1598.2032
2003-08-06,1594.5763
2003-08-13,1568.6314
2003-08-20,1570.3508
2003-08-27,1564.4837
2003-09-03,1572.484
2003-09-10,1575.3574
2003-09-17,1565.7764
2003-09-24,1561.7169
2003-10-01,1574.9713
2003-10-08,1559.7569
2003-10-15,1574.4545
2003-10-22,1594.02
2003-10-29,1590.5242
2003-11-05,1590.532
2003-11-12,1599.7228
2003-11-19,1603.4246
2003-11-26,1604.5929
2003-12-03,1610.9234
2003-12-10,1614.4375
2003-12-17,1632.5526
2003-12-24,1625.9809
2003-12-31,1615.155
2004-01-07,1608.1809
2004-01-14,1609.5124
2004-01-21,1622.3071
2004-01-28,1621.8732
2004-02-04,1624.2447
2004-02-11,1633.7098
2004-02-18,1699.534
2004-02-25,1694.9467
2004-03-03,1693.0063
2004-03-10,1703.8835
2004-03-17,1702.0804
2004-03-24,1722.8619
2004-03-31,1728.1264
2004-04-07,1704.1845
2004-04-14,1707.2663
2004-04-21,1719.3484
2004-04-28,1715.7941
2004-05-05,1717.3909
2004-05-12,1697.6004
2004-05-19,1686.898
2004-05-26,1693.1899
2004-06-02,1680.3383
2004-06-09,1689.9123
2004-06-16,1703.5703
2004-06-23,1704.8531
2004-06-30,1715.4805
2004-07-07,1705.1607
2004-07-14,1713.7898
2004-07-21,1705.7573
2004-07-28,1690.9879
2004-08-04,1688.4322
2004-08-11,1702.5724
2004-08-18,1711.6719
2004-08-25,1706.3459
2004-09-01,1709.582
2004-09-08,1720.7164
2004-09-15,1732.5115
2004-09-22,1725.1107
2004-09-29,1717.2582
2004-10-06,1718.689
2004-10-13,1734.1651
2004-10-20,1722.6774
2004-10-27,1715.1895
2004-11-03,1709.3136
2004-11-10,1708.7529
2004-11-17,1711.7696
2004-11-24,1730.1507
2004-12-01,1738.9627
2004-12-08,1735.924
2004-12-15,1736.9409
2004-12-22,1752.4615
2004-12-29,1742.9749
2005-01-05,1789.8084
2005-01-12,1796.9706
2005-01-19,1821.0013
2005-01-26,1820.1275
2005-02-02,1829.6204
2005-02-09,1834.0695
2005-02-16,1830.4424
2005-02-23,1848.1324
2005-03-02,1843.5692
2005-03-09,1844.0887
2005-03-16,1856.7255
2005-03-23,1857.4694
2005-03-30,1834.0091
2005-04-06,1831.3969
2005-04-13,1829.0398
2005-04-20,1845.2367
2005-04-27,1839.5878
2005-05-04,1851.8489
2005-05-11,1873.0674
2005-05-18,1870.1941
2005-05-25,1877.8678
2005-06-01,1869.6833
2005-06-08,1873.7834
2005-06-15,1807.3641
2005-06-22,1854.021
2005-06-29,1862.0761
2005-07-06,1852.9403
2005-07-13,1871.5918
2005-07-20,1873.1362
2005-07-27,1862.4559
2005-08-03,1865.9122
2005-08-10,1860.3388
2005-08-17,1864.7295
2005-08-24,1864.2293
2005-08-31,1857.4954
2005-09-07,1852.7331
2005-09-14,1852.7302
2005-09-21,1870.9491
2005-09-28,1867.4854
2005-10-05,1862.3331
2005-10-12,1866.6288
2005-10-19,1873.3498
2005-10-26,1853.1922
2005-11-02,1825.024
2005-11-09,1821.8202
2005-11-16,1835.4837
2005-11-23,1838.411
2005-11-30,1837.7513
2005-12-07,1852.4317
2005-12-14,1854.4951
2005-12-21,1859.4035
2005-12-28,1857.2835
2006-01-04,1851.6673
2006-01-11,1853.7933
2006-01-18,1873.1909
2006-01-25,1883.3843
2006-02-01,1880.7214
2006-02-08,1874.119
2006-02-15,1882.1745
2006-02-22,1887.9152
2006-03-01,1889.1844
2006-03-08,1876.9037
2006-03-15,1886.4443
2006-03-22,1888.2923
2006-03-29,1872.4469
2006-04-05,1884.5193
2006-04-12,1926.0074
2006-04-19,1931.2935
2006-04-26,1923.3905
2006-05-03,1933.0327
2006-05-10,1929.4085
2006-05-17,1938.8241
2006-05-24,1942.033
2006-05-31,1940.9183
2006-06-07,1923.717
2006-06-14,1948.202
2006-06-21,1940.0405
2006-06-28,1918.0452
2006-07-05,1921.8888
2006-07-12,1934.3492
2006-07-19,1945.6956
2006-07-26,1945.2701
2006-08-02,1942.8799
2006-08-09,1944.0464
2006-08-16,1943.8066
2006-08-23,1953.8538
2006-08-30,1953.1543
2006-09-06,1952.7038
2006-09-13,1943.407
2006-09-20,1941.0093
2006-09-27,1912.9243
2006-10-04,1963.1567
2006-10-11,1969.6146
2006-10-18,1965.6417
2006-10-25,1956.4224
2006-11-01,1980.5661
2006-11-08,1969.448
2006-11-15,1964.2547
2006-11-22,1976.279
2006-11-29,1970.2919
2006-12-06,1975.9529
2006-12-13,1987.3659
2006-12-20,1996.0745
2006-12-27,1995.1297
2007-01-03,1995.3876
2007-01-10,2002.6306
2007-01-17,2001.1755
2007-01-24,1996.5525
2007-01-31,2009.3873
2007-02-07,2006.7724
2007-02-14,2002.1001
2007-02-21,2001.4829
2007-02-28,2027.8842
2007-03-07,2021.6769
2007-03-14,2016.6467
2007-03-21,2002.1189
2007-03-28,2023.8387
2007-04-04,2031.1082
2007-04-11,2032.2783
2007-04-18,2028.1316
2007-04-25,2023.4849
2007-05-02,2017.8098
2007-05-09,2016.3945
2007-05-16,2014.5926
2007-05-23,2033.4311
2007-05-30,2031.8743
2007-06-06,2016.9226
2007-06-13,2035.2132
2007-06-20,2041.8458
2007-06-27,2039.1466
2007-07-04,2046.1621
2007-07-11,2041.8722
2007-07-18,2051.0632
2007-07-25,2053.9111
2007-08-01,2051.3693
2007-08-08,2051.7876
2007-08-15,2056.9854
2007-08-22,2074.0754
2007-08-29,2081.1316
2007-09-05,2092.9156
2007-09-12,2105.8149
2007-09-19,2081.8962
2007-09-26,2081.9299
2007-10-03,2091.1861
2007-10-10,2103.1261
2007-10-17,2087.079
2007-10-24,2090.073
2007-10-31,2086.423
2007-11-07,2094.971
2007-11-14,2100.8049
2007-11-21,2104.7031
2007-11-28,2108.817
2007-12-05,2100.8439
2007-12-12,2111.2346
2007-12-19,2110.351
2007-12-26,2096.9504
2008-01-02,2085.9027
2008-01-09,2086.6195
2008-01-16,2062.5762
2008-01-23,2065.0209
2008-01-30,2057.0355
2008-02-06,2075.1242
2008-02-13,2084.5615
2008-02-20,2082.0295
2008-02-27,2079.2987
2008-03-05,2073.3533
2008-03-12,2079.1885
2008-03-19,2084.5048
2008-03-26,2085.3958
2008-04-02,2062.786
2008-04-09,2065.6368
2008-04-16,2049.6467
2008-04-23,2077.5829
2008-04-30,2077.2258
2008-05-07,2076.2568
2008-05-14,2076.1814
2008-05-21,2075.5133
2008-05-28,2076.7688
2008-06-04,2086.9478
2008-06-11,2085.1688
2008-06-18,2087.5146
2008-06-25,2086.1683
2008-07-02,2080.5757
2008-07-09,2079.8145
2008-07-16,2071.7971
2008-07-23,2060.5463
2008-07-30,2070.4679
2008-08-06,2053.0354
2008-08-13,2059.9476
2008-08-20,2053.1935
2008-08-27,2054.833
2008-09-03,2036.8755
2008-09-10,2042.4117
2008-09-17,2047.3359
2008-09-24,2096.8684
2008-10-01,2179.6269
2008-10-08,2168.8864
2008-10-15,2161.0598
2008-10-22,2239.5961
2008-10-29,2230.2653
2008-11-05,2192.651
2008-11-12,2182.0055
2008-11-19,2112.9915
2008-11-26,2106.8074
2008-12-03,2109.8854
2008-12-10,2085.6904
2008-12-17,2078.8704
2008-12-24,2097.8251
2008-12-31,2106.7917
2009-01-07,2104.9239
2009-01-14,2135.422
2009-01-21,2147.1049
2009-01-28,2150.6223
2009-02-04,2161.3011
2009-02-11,2144.9184
2009-02-18,2160.0986
2009-02-25,2150.4647
2009-03-04,2167.8445
2009-03-11,2172.4482
2009-03-18,2177.5307
2009-03-25,2174.9461
2009-04-01,2175.2054
2009-04-08,2164.8638
2009-04-15,2162.2592
2009-04-22,2163.7097
2009-04-29,2171.752
2009-05-06,2191.8374
2009-05-13,2189.8818
2009-05-20,2197.2668
2009-05-27,2193.0616
2009-06-03,2217.4725
2009-06-10,2215.0135
2009-06-17,2264.5695
2009-06-24,2256.1184
2009-07-01,2258.2404
2009-07-08,2267.4394
2009-07-15,2261.2861
2009-07-22,2254.5487
2009-07-29,2257.7009
2009-08-05,2276.9641
2009-08-12,2293.5454
2009-08-19,2288.4176
2009-08-26,2286.7521
2009-09-02,2293.1671
2009-09-09,2289.4496
2009-09-16,2298.7732
2009-09-23,2310.8615
2009-09-30,2269.5246
2009-10-07,2260.7005
2009-10-14,2278.5466
2009-10-21,2302.8717
2009-10-28,2283.8994
2009-11-04,2299.2424
2009-11-11,2299.5451
2009-11-18,2304.9951
2009-11-25,2286.9398
2009-12-02,2300.9981
2009-12-09,2319.6891
2009-12-16,2330.1151
2009-12-23,2323.448
2009-12-30,2336.7871
2010-01-06,2326.5645
2010-01-13,2317.0647
2010-01-20,2320.177
2010-01-27,2326.9259
2010-02-03,2332.1183
2010-02-10,2334.4946
2010-02-17,2332.8177
2010-02-24,2321.3988
2010-03-03,2315.2861
2010-03-10,2318.3093
2010-03-17,2321.545
2010-03-24,2326.0418
2010-03-31,2305.2369
2010-04-07,2300.9581
2010-04-14,2319.7627
2010-04-21,2325.1501
2010-04-28,2316.2345
2010-05-05,2311.5373
2010-05-12,2313.8975
2010-05-19,2311.9222
2010-05-26,2293.1312
2010-06-02,2283.6812
2010-06-09,2295.485
2010-06-16,2285.5488
2010-06-23,2294.313
2010-06-30,2305.9497
2010-07-07,2309.9511
2010-07-14,2342.8477
2010-07-21,2374.857
2010-07-28,2369.5804
2010-08-04,2376.5847
2010-08-11,2390.4845
2010-08-18,2383.2882
2010-08-25,2385.2693
2010-09-01,2402.5999
2010-09-08,2403.5672
2010-09-15,2413.6485
2010-09-22,2427.0513
2010-09-29,2410.7947
2010-10-06,2430.3968
2010-10-13,2439.6393
2010-10-20,2437.4368
2010-10-27,2438.768
2010-11-03,2453.557
2010-11-10,2453.8485
2010-11-17,2455.2724
2010-11-24,2453.6716
2010-12-01,2454.8003
2010-12-08,2447.7565
2010-12-15,2416.564
2010-12-22,2424.0309
2010-12-29,2416.5978
2011-01-05,2418.8037
2011-01-12,2429.1443
2011-01-19,2429.6699
2011-01-26,2429.3482
2011-02-02,2408.4897
2011-02-09,2416.851
2011-02-16,2420.293
2011-02-23,2419.6823
2011-03-02,2416.2912
2011-03-09,2426.8492
2011-03-16,2431.4658
2011-03-23,2432.0073
2011-03-30,2434.594
2011-04-06,2434.4183
2011-04-13,2448.6032
2011-04-20,2446.6188
2011-04-27,2443.8741
2011-05-04,2442.82
2011-05-11,2441.916
2011-05-18,2430.4491
2011-05-25,2434.6559
2011-06-01,2441.3829
2011-06-08,2443.8863
2011-06-15,2438.8234
2011-06-22,2422.3786
2011-06-29,2419.082
2011-07-06,2424.1839
2011-07-13,2436.4864
2011-07-20,2434.3574
2011-07-27,2435.7412
2011-08-03,2435.1478
2011-08-10,2444.9501
2011-08-17,2457.948
2011-08-24,2459.5332
2011-08-31,2459.8013
2011-09-07,2466.5104
2011-09-14,2473.0933
2011-09-21,2469.7223
2011-09-28,2459.7991
2011-10-05,2456.2514
2011-10-12,2463.5973
2011-10-19,2467.8159
2011-10-26,2480.0703
2011-11-02,2486.0821
2011-11-09,2469.3668
2011-11-16,2477.1524
2011-11-23,2497.5403
2011-11-30,2494.6645
2011-12-07,2479.6674
2011-12-14,2493.9993
2011-12-21,2492.0369
2011-12-28,2497.2798
2012-01-04,2517.4446
2012-01-11,2531.6661
2012-01-18,2515.318
2012-01-25,2525.6831
2012-02-01,2539.8763
2012-02-08,2547.4908
2012-02-15,2565.0158
2012-02-22,2572.2696
2012-02-29,2586.1944
2012-03-07,2571.2986
2012-03-14,2577.7174
2012-03-21,2579.3641
2012-03-28,2585.4586
2012-04-04,2608.2333
2012-04-11,2603.569
2012-04-18,2591.3811
2012-04-25,2589.9702
2012-05-02,2590.8197
2012-05-09,2597.1536
2012-05-16,2596.4028
2012-05-23,2608.4492
2012-05-30,2606.22
2012-06-06,2601.9006
2012-06-13,2598.4214
2012-06-20,2592.9082
2012-06-27,2617.7738
2012-07-04,2628.1158
2012-07-11,2643.5993
2012-07-18,2637.2467
2012-07-25,2640.2271
2012-08-01,2649.9484
2012-08-08,2650.2103
2012-08-15,2652.9447
2012-08-22,2657.1275
2012-08-29,2656.0159
2012-09-05,2667.4842
2012-09-12,2667.6679
2012-09-19,2672.6948
2012-09-26,2678.3773
2012-10-03,2675.0972
2012-10-10,2677.4215
2012-10-17,2676.4279
2012-10-24,2680.855
2012-10-31,2680.7261
2012-11-07,2691.1302
2012-11-14,2699.4502
2012-11-21,2703.8444
2012-11-28,2705.2938
2012-12-05,2721.5198
2012-12-12,2730.9613
2012-12-19,2741.0449
2012-12-26,2741.4121
2013-01-02,2729.7905
2013-01-09,2723.8346
2013-01-16,2725.5093
2013-01-23,2732.4699
2013-01-30,2732.9442
2013-02-06,2728.9431
2013-02-13,2732.6359
2013-02-20,2721.402
2013-02-27,2716.7997
2013-03-06,2719.8073
2013-03-13,2723.297
2013-03-20,2714.6464
2013-03-27,2715.3428
2013-04-03,2753.1589
2013-04-10,2751.3028
2013-04-17,2755.8685
2013-04-24,2758.0442
2013-05-01,2754.399
2013-05-08,2747.4336
2013-05-15,2747.3994
2013-05-22,2746.7258
2013-05-29,2737.6227
2013-06-05,2743.4056
2013-06-12,2733.4987
2013-06-19,2736.6654
2013-06-26,2729.1367
2013-07-03,2716.2078
2013-07-10,2703.2081
2013-07-17,2709.9534
2013-07-24,2714.5719
2013-07-31,2713.5686
2013-08-07,2702.1911
2013-08-14,2709.1301
2013-08-21,2698.8402
2013-08-28,2697.7442
2013-09-04,2683.2307
2013-09-11,2688.838
2013-09-18,2697.9338
2013-09-25,2689.7306
2013-10-02,2691.2094
2013-10-09,2695.9676
2013-10-16,2695.8647
2013-10-23,2696.9202
2013-10-30,2694.3068
2013-11-06,2700.0287
2013-11-13,2704.0456
2013-11-20,2712.7653
2013-11-27,2719.6425
2013-12-04,2707.6588
2013-12-11,2715.6025
2013-12-18,2724.6695
2013-12-25,2728.1303
2014-01-01,2729.2972
2014-01-08,2727.5157
2014-01-15,2728.5384
2014-01-22,2730.6541
2014-01-29,2732.9857
2014-02-05,2741.1879
2014-02-12,2742.35
2014-02-19,2751.5105
2014-02-26,2759.1972
2014-03-05,2763.2038
2014-03-12,2774.2288
2014-03-19,2772.4494
2014-03-26,2783.052
2014-04-02,2775.9497
2014-04-09,2780.1773
2014-04-16,2779.2646
2014-04-23,2786.6945
2014-04-30,2785.8058
2014-05-07,2788.3413
2014-05-14,2801.1043
2014-05-21,2802.0249
2014-05-28,2808.9964
2014-06-04,2807.2926
2014-06-11,2812.1854
2014-06-18,2815.6517
2014-06-25,2818.6273
2014-07-02,2845.875
2014-07-09,2849.5414
2014-07-16,2844.4371
2014-07-23,2848.6772
2014-07-30,2851.3695
2014-08-06,2850.2396
2014-08-13,2852.3152
2014-08-20,2846.6998
2014-08-27,2850.4695
2014-09-03,2854.6463
2014-09-10,2867.2484
2014-09-17,2870.4917
2014-09-24,2884.716
2014-10-01,2885.9807
2014-10-08,2889.5422
2014-10-15,2886.9741
2014-10-22,2873.9965
2014-10-29,2867.5082
2014-11-05,2876.445
2014-11-12,2884.3747
2014-11-19,2887.5499
2014-11-26,2897.6895
2014-12-03,2909.9798
2014-12-10,2925.1997
2014-12-17,2927.6723
2014-12-24,2938.9294
2014-12-31,2948.3859
2015-01-07,2951.7034
2015-01-14,2959.3307
2015-01-21,2957.5041
2015-01-28,2959.0614
2015-02-04,2981.7369
2015-02-11,2989.2009
2015-02-18,2985.5835
2015-02-25,2998.1768
2015-03-04,3001.1327
2015-03-11,2999.0945
2015-03-18,3001.1605
2015-03-25,3007.0433
2015-04-01,3012.9662
2015-04-08,3010.6394
2015-04-15,3014.4987
2015-04-22,3024.9702
2015-04-29,3031.74
2015-05-06,3042.726
2015-05-13,3044.2031
2015-05-20,3050.9421
2015-05-27,3052.6713
2015-06-03,3049.101
2015-06-10,3053.194
2015-06-17,3060.8439
2015-06-24,3056.9339
2015-07-01,3042.8626
2015-07-08,3037.0856
2015-07-15,3042.4201
2015-07-22,3044.2862
2015-07-29,3042.6657
2015-08-05,3064.6791
2015-08-12,3056.1897
2015-08-19,3062.3359
2015-08-26,3051.9376
2015-09-02,3053.432
2015-09-09,3057.3677
2015-09-16,3038.8003
2015-09-23,3044.1571
2015-09-30,3055.0983
2015-10-07,3050.3507
2015-10-14,3061.7945
2015-10-21,3057.0804
2015-10-28,3062.1363
2015-11-04,3072.8047
2015-11-11,3074.5553
2015-11-18,3085.6042
2015-11-25,3090.0416
2015-12-02,3095.0646
2015-12-09,3112.3392
2015-12-16,3114.0413
2015-12-23,3110.7253
2015-12-30,3108.9654
2016-01-06,3114.592
2016-01-13,3114.2048
2016-01-20,3118.9003
2016-01-27,3116.811
2016-02-03,3131.6832
2016-02-10,3129.5017
2016-02-17,3121.2662
2016-02-24,3127.795
2016-03-02,3135.1579
2016-03-09,3140.7091
2016-03-16,3139.1282
2016-03-23,3146.0299
2016-03-30,3139.9672
2016-04-06,3149.4997
2016-04-13,3165.5876
2016-04-20,3160.8673
2016-04-27,3171.662
2016-05-04,3183.0068
2016-05-11,3186.5821
2016-05-18,3187.9475
2016-05-25,3186.463
2016-06-01,3199.4515
2016-06-08,3202.2821
2016-06-15,3205.7942
2016-06-22,3209.8067
2016-06-29,3215.02
2016-07-06,3229.337
2016-07-13,3240.9797
2016-07-20,3245.9874
2016-07-27,3254.585
2016-08-03,3249.3318
2016-08-10,3261.3263
2016-08-17,3256.9066
2016-08-24,3266.1552
2016-08-31,3278.7447
2016-09-07,3282.082
2016-09-14,3297.8008
2016-09-21,3300.2001
2016-09-28,3304.5751
2016-10-05,3309.9833
2016-10-12,3310.4991
2016-10-19,3322.798
2016-10-26,3327.7161
2016-11-02,3331.8415
2016-11-09,3326.0774
2016-11-16,3317.897
2016-11-23,3307.0945
2016-11-30,3311.0123
2016-12-07,3301.4253
2016-12-14,3316.23
2016-12-21,3310.3013
2016-12-28,3311.0054
2017-01-04,3321.0783
2017-01-11,3314.5436
2017-01-18,3320.5091
2017-01-25,3327.6912
2017-02-01,3326.2443
2017-02-08,3333.2591
2017-02-15,3343.8265
2017-02-22,3353.764
2017-03-01,3354.0082
2017-03-08,3355.7649
2017-03-15,3360.0121
2017-03-22,3364.0555
2017-03-29,3353.9049
2017-04-05,3370.0639
2017-04-12,3367.0789
2017-04-19,3357.2275
2017-04-26,3348.031
2017-05-03,3351.9826
2017-05-10,3360.6498
2017-05-17,3374.2341
2017-05-24,3378.5735
2017-05-31,3380.8842
2017-06-07,3366.5388
2017-06-14,3370.8932
2017-06-21,3360.1009
2017-06-28,3357.8401
2017-07-05,3357.9948
2017-07-12,3365.4653
2017-07-19,3368.7922
2017-07-26,3368.358
2017-08-02,3370.9412
2017-08-09,3365.5966
2017-08-16,3367.3358
2017-08-23,3377.1182
2017-08-30,3371.1421
2017-09-06,3371.2735
2017-09-13,3368.378
2017-09-20,3385.2209
2017-09-27,3385.8317
2017-10-04,3384.4701
2017-10-11,3391.081
2017-10-18,3389.3476
2017-10-25,3385.0578
2017-11-01,3385.7933
2017-11-08,3385.5706
2017-11-15,3390.4102
2017-11-22,3393.5537
2017-11-29,3425.2713
2017-12-06,3434.4107
2017-12-13,3431.5497
2017-12-20,3428.4215
2017-12-27,3439.3366
2018-01-03,3433.4116
2018-01-10,3424.8897
2018-01-17,3420.8706
2018-01-24,3423.2923
2018-01-31,3419.3909
2018-02-07,3400.908
2018-02-14,3410.4125
2018-02-21,3405.9438
2018-02-28,3405.3919
2018-03-07,3393.3102
2018-03-14,3400.9907
2018-03-21,3392.3335
2018-03-28,3380.8453
2018-04-04,3376.5357
2018-04-11,3370.5554
2018-04-18,3371.587
2018-04-25,3360.6854
2018-05-02,3356.8126
2018-05-09,3363.8444
2018-05-16,3370.6465
2018-05-23,3391.056
2018-05-30,3398.7047
2018-06-06,3394.3025
2018-06-13,3409.7158
2018-06-20,3415.1165
2018-06-27,3425.4784
2018-07-04,3416.5876
2018-07-11,3429.5592
2018-07-18,3426.4886
2018-07-25,3432.4926
2018-08-01,3411.6159
2018-08-08,3423.3451
2018-08-15,3428.7987
2018-08-22,3428.2675
2018-08-29,3421.2581
2018-09-05,3413.6631
2018-09-12,3423.0134
2018-09-19,3425.5713
2018-09-26,3420.9916
2018-10-03,3418.2201
2018-10-10,3417.3991
2018-10-17,3415.6295
2018-10-24,3431.8256
2018-10-31,3413.4673
2018-11-07,3413.6577
2018-11-14,3434.0825
2018-11-21,3443.9936
2018-11-28,3446.0965
2018-12-05,3456.2081
2018-12-12,3479.4776
2018-12-19,3500.9625
2018-12-26,3508.8352
2019-01-02,3520.5495
2019-01-09,3531.1434
2019-01-16,3541.7578
2019-01-23,3534.8694
2019-01-30,3527.1013
2019-02-06,3532.7895
2019-02-13,3549.0861
2019-02-20,3553.3483
2019-02-27,3553.5671
2019-03-06,3549.969
2019-03-13,3570.106
2019-03-20,3569.4793
2019-03-27,3574.4031
2019-04-03,3583.7159
2019-04-10,3597.3688
2019-04-17,3611.8101
2019-04-24,3626.8378
2019-05-01,3612.443
2019-05-08,3623.4736
2019-05-15,3630.0307
2019-05-22,3628.9159
2019-05-29,3628.3538
2019-06-05,3640.2218
2019-06-12,3645.7596
2019-06-19,3661.9902
2019-06-26,3672.1295
2019-07-03,3679.7315
2019-07-10,3681.7214
2019-07-17,3676.2553
2019-07-24,3695.7916
2019-07-31,3694.8488
2019-08-07,3699.6509
2019-08-14,3718.4763
2019-08-21,3733.0373
2019-08-28,3752.889
2019-09-04,3762.1657
2019-09-11,3787.1573
2019-09-18,3806.7944
2019-09-25,3807.4787
2019-10-02,3801.5967
2019-10-09,3795.2624
2019-10-16,3786.3779
2019-10-23,3796.8241
2019-10-30,3790.621
2019-11-06,3796.5053
2019-11-13,3824.9879
2019-11-20,3821.4191
2019-11-27,3828.8466
2019-12-04,3839.6139
2019-12-11,3844.471
2019-12-18,3813.4804
2019-12-25,3819.285
2020-01-01,3812.6018
2020-01-08,3807.3925
2020-01-15,3831.317
2020-01-22,3834.0556
2020-01-29,3840.1954
2020-02-05,3847.6479
2020-02-12,3838.8256
2020-02-19,3870.0545
2020-02-26,3894.5174
2020-03-04,3952.0315
2020-03-11,3973.4046
2020-03-18,3982.0566
2020-03-25,4031.0046
2020-04-01,4018.26
2020-04-08,3992.2676
2020-04-15,3975.3925
2020-04-22,3991.1776
2020-04-29,4012.6645
2020-05-06,4007.4035
2020-05-13,3997.9077
2020-05-20,4021.9141
2020-05-27,4032.1496
2020-06-03,4080.4433
2020-06-10,4119.2938
2020-06-17,4167.2805
2020-06-24,4201.3059
2020-07-01,4245.0587
2020-07-08,4264.3098
2020-07-15,4304.9704
2020-07-22,4324.034
2020-07-29,4338.0748
2020-08-05,4363.1343
2020-08-12,4351.27
2020-08-19,4374.9749
2020-08-26,4395.4882
2020-09-02,4435.3497
2020-09-09,4444.3972
2020-09-16,4442.0728
2020-09-23,4455.8447
2020-09-30,4461.0894
2020-10-07,4478.0446
2020-10-14,4496.0649
2020-10-21,4506.1177
2020-10-28,4536.9771
2020-11-04,4585.3673
2020-11-11,4590.287
2020-11-18,4629.4712
2020-11-25,4649.1767
2020-12-02,4677.7751
2020-12-09,4678.3484
2020-12-16,4691.5443
2020-12-23,4697.5173
2020-12-30,4714.503
2021-01-06,4738.5782
2021-01-13,4747.3373
2021-01-20,4769.9235
2021-01-27,4807.1608
2021-02-03,4828.6471
2021-02-10,4837.5098
2021-02-17,4855.3603
2021-02-24,4884.9029
2021-03-03,4919.5472
2021-03-10,4934.5034
2021-03-17,4980.059
2021-03-24,5001.0534
2021-03-31,5016.5264
2021-04-07,5028.6439
2021-04-14,5069.471
2021-04-21,5088.1155
2021-04-28,5106.8723
2021-05-05,5141.4727
2021-05-12,5158.2934
2021-05-19,5183.0271
2021-05-26,5204.4312
2021-06-02,5228.8563
2021-06-09,5240.7771
2021-06-16,5249.3235
2021-06-23,5259.0099
2021-06-30,5276.1788
2021-07-07,5285.9442
2021-07-14,5298.8561
2021-07-21,5290.0979
2021-07-28,5311.6506
2021-08-04,5323.2937
2021-08-11,5331.1024
2021-08-18,5355.7316
2021-08-25,5365.2676
2021-09-01,5388.136
2021-09-08,5383.1848
2021-09-15,5404.0569
2021-09-22,5422.2031
2021-09-29,5458.4098
2021-10-06,5483.5299
2021-10-13,5507.0126
2021-10-20,5539.3088
2021-10-27,5550.1682
2021-11-03,5582.0851
2021-11-10,5588.0949
2021-11-17,5598.5779
2021-11-24,5622.0182
2021-12-01,5634.3981
2021-12-08,5632.3354
2021-12-15,5667.1028
2021-12-22,5695.0069
2021-12-29,5701.8256
2022-01-05,5770.6775
2022-01-12,5770.7143
2022-01-19,5776.9851
2022-01-26,5780.7312
2022-02-02,5793.9779
2022-02-09,5804.271
2022-02-16,5808.1174
2022-02-23,5827.7675
2022-03-02,5811.2303
2022-03-09,5801.818
2022-03-16,5795.6682
2022-03-23,5804.3687
2022-03-30,5804.1525
2022-04-06,5794.2318
2022-04-13,5798.7148
2022-04-20,5767.8319
