DATE,WCD6M
1964-06-12,3.97
1964-06-19,3.97
1964-06-26,3.97
1964-07-03,3.96
1964-07-10,3.97
1964-07-17,3.96
1964-07-24,3.96
1964-07-31,3.96
1964-08-07,3.95
1964-08-14,3.97
1964-08-21,3.97
1964-08-28,3.96
1964-09-04,3.97
1964-09-11,3.99
1964-09-18,3.99
1964-09-25,3.99
1964-10-02,4
1964-10-09,4.04
1964-10-16,4.04
1964-10-23,4.05
1964-10-30,4.04
1964-11-06,4.03
1964-11-13,4.04
1964-11-20,4.04
1964-11-27,4.24
1964-12-04,4.28
1964-12-11,4.32
1964-12-18,4.3
1964-12-25,4.26
1965-01-01,4.27
1965-01-08,4.26
1965-01-15,4.25
1965-01-22,4.21
1965-01-29,4.2
1965-02-05,4.25
1965-02-12,4.28
1965-02-19,4.29
1965-02-26,4.31
1965-03-05,4.34
1965-03-12,4.36
1965-03-19,4.35
1965-03-26,4.36
1965-04-02,4.36
1965-04-09,4.35
1965-04-16,4.36
1965-04-23,4.37
1965-04-30,4.37
1965-05-07,4.38
1965-05-14,4.39
1965-05-21,4.4
1965-05-28,4.4
1965-06-04,4.4
1965-06-11,4.39
1965-06-18,4.37
1965-06-25,4.36
1965-07-02,4.35
1965-07-09,4.38
1965-07-16,4.37
1965-07-23,4.36
1965-07-30,4.35
1965-08-06,4.36
1965-08-13,4.38
1965-08-20,4.38
1965-08-27,4.38
1965-09-03,4.38
1965-09-10,4.41
1965-09-17,4.44
1965-09-24,4.43
1965-10-01,4.5
1965-10-08,4.51
1965-10-15,4.53
1965-10-22,4.52
1965-10-29,4.53
1965-11-05,4.53
1965-11-12,4.54
1965-11-19,4.54
1965-11-26,4.54
1965-12-03,4.56
1965-12-10,4.78
1965-12-17,4.8
1965-12-24,5
1965-12-31,5
1966-01-07,5
1966-01-14,5.07
1966-01-21,5.14
1966-01-28,5.13
1966-02-04,5.11
1966-02-11,5.11
1966-02-18,5.2
1966-02-25,5.19
1966-03-04,5.21
1966-03-11,5.29
1966-03-18,5.38
1966-03-25,5.37
1966-04-01,5.38
1966-04-08,5.37
1966-04-15,5.38
1966-04-22,5.4
1966-04-29,5.43
1966-05-06,5.41
1966-05-13,5.48
1966-05-20,5.48
1966-05-27,5.48
1966-06-03,5.57
1966-06-10,5.58
1966-06-17,5.59
1966-06-24,5.6
1966-07-01,5.59
1966-07-08,5.72
1966-07-15,5.69
1966-07-22,5.75
1966-07-29,5.69
1966-08-05,5.77
1966-08-12,5.81
1966-08-19,5.94
1966-08-26,5.97
1966-09-02,6
1966-09-09,6.07
1966-09-16,6.1
1966-09-23,6.25
1966-09-30,6.14
1966-10-07,6.14
1966-10-14,6.03
1966-10-21,6.1
1966-10-28,5.98
1966-11-04,5.94
1966-11-11,5.95
1966-11-18,5.95
1966-11-25,5.98
1966-12-02,5.93
1966-12-09,5.84
1966-12-16,5.78
1966-12-23,5.71
1966-12-30,5.7
1967-01-06,5.67
1967-01-13,5.62
1967-01-20,5.52
1967-01-27,5.32
1967-02-03,5.22
1967-02-10,5.16
1967-02-17,5.19
1967-02-24,5.27
1967-03-03,5.21
1967-03-10,5.15
1967-03-17,5.05
1967-03-24,4.94
1967-03-31,4.86
1967-04-07,4.7
1967-04-14,4.38
1967-04-21,4.35
1967-04-28,4.38
1967-05-05,4.51
1967-05-12,4.58
1967-05-19,4.61
1967-05-26,4.66
1967-06-02,4.67
1967-06-09,4.72
1967-06-16,4.84
1967-06-23,4.92
1967-06-30,5.04
1967-07-07,5.18
1967-07-14,5.19
1967-07-21,5.2
1967-07-28,5.3
1967-08-04,5.3
1967-08-11,5.34
1967-08-18,5.27
1967-08-25,5.31
1967-09-01,5.33
1967-09-08,5.19
1967-09-15,5.26
1967-09-22,5.31
1967-09-29,5.41
1967-10-06,5.46
1967-10-13,5.47
1967-10-20,5.51
1967-10-27,5.54
1967-11-03,5.51
1967-11-10,5.56
1967-11-17,5.56
1967-11-24,5.93
1967-12-01,5.91
1967-12-08,5.93
1967-12-15,5.92
1967-12-22,5.97
1967-12-29,5.97
1968-01-05,5.92
1968-01-12,5.82
1968-01-19,5.72
1968-01-26,5.7
1968-02-02,5.45
1968-02-09,5.51
1968-02-16,5.54
1968-02-23,5.58
1968-03-01,5.56
1968-03-08,5.6
1968-03-15,5.75
1968-03-22,5.89
1968-03-29,5.91
1968-04-05,5.78
1968-04-12,5.85
1968-04-19,5.97
1968-04-26,6.15
1968-05-03,6.21
1968-05-10,6.24
1968-05-17,6.3
1968-05-24,6.34
1968-05-31,6.38
1968-06-07,6.37
1968-06-14,6.25
1968-06-21,6.27
1968-06-28,6.21
1968-07-05,6.22
1968-07-12,6.17
1968-07-19,6.16
1968-07-26,6.06
1968-08-02,5.97
1968-08-09,5.92
1968-08-16,5.94
1968-08-23,5.9
1968-08-30,5.96
1968-09-06,5.91
1968-09-13,5.93
1968-09-20,5.86
1968-09-27,5.74
1968-10-04,5.75
1968-10-11,5.85
1968-10-18,6.02
1968-10-25,6.04
1968-11-01,6.07
1968-11-08,6.08
1968-11-15,6.13
1968-11-22,6.19
1968-11-29,6.23
1968-12-06,6.26
1968-12-13,6.28
1968-12-20,6.4
1968-12-27,6.7
1969-01-03,6.7
1969-01-10,6.71
1969-01-17,6.59
1969-01-24,6.54
1969-01-31,6.5
1969-02-07,6.59
1969-02-14,6.59
1969-02-21,6.64
1969-02-28,6.66
1969-03-07,6.74
1969-03-14,6.73
1969-03-21,6.74
1969-03-28,6.78
1969-04-04,6.77
1969-04-11,6.81
1969-04-18,6.95
1969-04-25,7.05
1969-05-02,7.08
1969-05-09,7.19
1969-05-16,7.4
1969-05-23,7.52
1969-05-30,7.46
1969-06-06,7.46
1969-06-13,8.11
1969-06-20,8.19
1969-06-27,8.62
1969-07-04,8.77
1969-07-11,8.97
1969-07-18,8.93
1969-07-25,8.85
1969-08-01,8.77
1969-08-08,8.52
1969-08-15,8.55
1969-08-22,8.47
1969-08-29,8.31
1969-09-05,8.34
1969-09-12,8.57
1969-09-19,8.87
1969-09-26,8.76
1969-10-03,8.88
1969-10-10,8.89
1969-10-17,8.87
1969-10-24,8.75
1969-10-31,8.55
1969-11-07,8.52
1969-11-14,8.57
1969-11-21,8.64
1969-11-28,8.77
1969-12-05,8.89
1969-12-12,8.91
1969-12-19,8.88
1969-12-26,8.95
1970-01-02,9.1
1970-01-09,9.15
1970-01-16,9
1970-01-23,9.1
1970-01-30,8.98
1970-02-06,8.95
1970-02-13,8.78
1970-02-20,8.54
1970-02-27,8.58
1970-03-06,8.62
1970-03-13,8.52
1970-03-20,8.37
1970-03-27,7.93
1970-04-03,7.36
1970-04-10,7.65
1970-04-17,7.61
1970-04-24,7.57
1970-05-01,7.83
1970-05-08,8.08
1970-05-15,8.35
1970-05-22,8.24
1970-05-29,8.14
1970-06-05,8.11
1970-06-12,8.17
1970-06-19,8.2
1970-06-26,8.22
1970-07-03,8.11
1970-07-10,8.11
1970-07-17,8.01
1970-07-24,7.86
1970-07-31,7.94
1970-08-07,7.88
1970-08-14,7.84
1970-08-21,7.85
1970-08-28,7.7
1970-09-04,7.49
1970-09-11,7.48
1970-09-18,7.53
1970-09-25,7.29
1970-10-02,7.17
1970-10-09,7.12
1970-10-16,6.96
1970-10-23,6.97
1970-10-30,6.8
1970-11-06,6.76
1970-11-13,6.5
1970-11-20,6.19
1970-11-27,5.67
1970-12-04,5.69
1970-12-11,5.83
1970-12-18,5.71
1970-12-25,5.64
1971-01-01,5.74
1971-01-08,5.68
1971-01-15,5.34
1971-01-22,4.87
1971-01-29,4.79
1971-02-05,4.75
1971-02-12,4.6
1971-02-19,4.39
1971-02-26,4.25
1971-03-05,3.91
1971-03-12,4.03
1971-03-19,4.06
1971-03-26,4.05
1971-04-02,4.13
1971-04-09,4.17
1971-04-16,4.48
1971-04-23,4.83
1971-04-30,4.95
1971-05-07,5.01
1971-05-14,5.14
1971-05-21,5.24
1971-05-28,5.5
1971-06-04,5.53
1971-06-11,5.56
1971-06-18,5.66
1971-06-25,5.86
1971-07-02,5.85
1971-07-09,6.01
1971-07-16,6.04
1971-07-23,6.02
1971-07-30,6.09
1971-08-06,6.15
1971-08-13,6.24
1971-08-20,6.21
1971-08-27,5.8
1971-09-03,5.89
1971-09-10,5.86
1971-09-17,6.01
1971-09-24,5.91
1971-10-01,5.84
1971-10-08,5.66
1971-10-15,5.5
1971-10-22,5.4
1971-10-29,5.15
1971-11-05,5.08
1971-11-12,5
1971-11-19,5.05
1971-11-26,5.03
1971-12-03,5.07
1971-12-10,5.02
1971-12-17,4.92
1971-12-24,4.84
1971-12-31,4.78
1972-01-07,4.5
1972-01-14,4.27
1972-01-21,4.22
1972-01-28,4.32
1972-02-04,4
1972-02-11,4.02
1972-02-18,4.01
1972-02-25,3.96
1972-03-03,4.09
1972-03-10,4.32
1972-03-17,4.42
1972-03-24,4.83
1972-03-31,4.77
1972-04-07,4.91
1972-04-14,5.07
1972-04-21,5.05
1972-04-28,4.97
1972-05-05,4.78
1972-05-12,4.73
1972-05-19,4.7
1972-05-26,4.78
1972-06-02,4.57
1972-06-09,4.88
1972-06-16,4.94
1972-06-23,5
1972-06-30,5.09
1972-07-07,5.19
1972-07-14,5.19
1972-07-21,5.15
1972-07-28,5.1
1972-08-04,5.04
1972-08-11,5.1
1972-08-18,5.2
1972-08-25,5.25
1972-09-01,5.32
1972-09-08,5.51
1972-09-15,5.51
1972-09-22,5.57
1972-09-29,5.6
1972-10-06,5.61
1972-10-13,5.67
1972-10-20,5.6
1972-10-27,5.56
1972-11-03,5.49
1972-11-10,5.47
1972-11-17,5.5
1972-11-24,5.45
1972-12-01,5.5
1972-12-08,5.54
1972-12-15,5.59
1972-12-22,5.7
1972-12-29,5.77
1973-01-05,5.8
1973-01-12,5.85
1973-01-19,5.92
1973-01-26,6.19
1973-02-02,6.39
1973-02-09,6.5
1973-02-16,6.49
1973-02-23,6.54
1973-03-02,6.67
1973-03-09,6.95
1973-03-16,7.17
1973-03-23,7.37
1973-03-30,7.43
1973-04-06,7.47
1973-04-13,7.44
1973-04-20,7.4
1973-04-27,7.5
1973-05-04,7.48
1973-05-11,7.51
1973-05-18,7.51
1973-05-25,7.67
1973-06-01,7.8
1973-06-08,8.02
1973-06-15,8.05
1973-06-22,8.1
1973-06-29,8.47
1973-07-06,8.79
1973-07-13,9.03
1973-07-20,9.27
1973-07-27,9.82
1973-08-03,10.24
1973-08-10,10.67
1973-08-17,10.73
1973-08-24,10.81
1973-08-31,10.87
1973-09-07,10.45
1973-09-14,10.52
1973-09-21,10.41
1973-09-28,9.49
1973-10-05,9.31
1973-10-12,9.06
1973-10-19,8.64
1973-10-26,8.16
1973-11-02,8.12
1973-11-09,8.71
1973-11-16,9.07
1973-11-23,9.19
1973-11-30,8.9
1973-12-07,9.12
1973-12-14,8.66
1973-12-21,8.5
1973-12-28,8.44
1974-01-04,8.39
1974-01-11,8.36
1974-01-18,8.68
1974-01-25,8.66
1974-02-01,8.3
1974-02-08,7.82
1974-02-15,7.74
1974-02-22,7.61
1974-03-01,7.87
1974-03-08,8.06
1974-03-15,8.3
1974-03-22,8.65
1974-03-29,9.41
1974-04-05,9.74
1974-04-12,9.94
1974-04-19,9.93
1974-04-26,10.27
1974-05-03,10.74
1974-05-10,10.92
1974-05-17,10.97
1974-05-24,10.98
1974-05-31,10.85
1974-06-07,10.88
1974-06-14,10.86
1974-06-21,11.12
1974-06-28,11.52
1974-07-05,11.87
1974-07-12,12.27
1974-07-19,12.09
1974-07-26,11.7
1974-08-02,11.82
1974-08-09,11.9
1974-08-16,12.01
1974-08-23,12.12
1974-08-30,12.3
1974-09-06,12.09
1974-09-13,11.93
1974-09-20,11.55
1974-09-27,10.81
1974-10-04,10.49
1974-10-11,9.81
1974-10-18,9.65
1974-10-25,9.12
1974-11-01,8.98
1974-11-08,8.9
1974-11-15,8.64
1974-11-22,8.73
1974-11-29,9.12
1974-12-06,9.11
1974-12-13,8.64
1974-12-20,8.72
1974-12-27,8.79
1975-01-03,8.68
1975-01-10,7.84
1975-01-17,7.65
1975-01-24,7.08
1975-01-31,6.65
1975-02-07,6.45
1975-02-14,6.57
1975-02-21,6.32
1975-02-28,6.4
1975-03-07,6.4
1975-03-14,6.34
1975-03-21,6.25
1975-03-28,6.34
1975-04-04,6.44
1975-04-11,6.87
1975-04-18,6.73
1975-04-25,6.86
1975-05-02,6.73
1975-05-09,6.48
1975-05-16,6.27
1975-05-23,6.12
1975-05-30,6.15
1975-06-06,6.22
1975-06-13,6
1975-06-20,6.01
1975-06-27,6.66
1975-07-04,6.79
1975-07-11,7.02
1975-07-18,6.98
1975-07-25,7.22
1975-08-01,7.22
1975-08-08,7.44
1975-08-15,7.61
1975-08-22,7.72
1975-08-29,7.74
1975-09-05,7.79
1975-09-12,7.86
1975-09-19,7.92
1975-09-26,7.93
1975-10-03,7.98
1975-10-10,7.6
1975-10-17,7.11
1975-10-24,6.83
1975-10-31,6.91
1975-11-07,7.03
1975-11-14,6.67
1975-11-21,6.76
1975-11-28,6.94
1975-12-05,6.88
1975-12-12,6.89
1975-12-19,6.57
1975-12-26,6.2
1976-01-02,5.9
1976-01-09,5.69
1976-01-16,5.54
1976-01-23,5.57
1976-01-30,5.44
1976-02-06,5.61
1976-02-13,5.68
1976-02-20,5.73
1976-02-27,5.69
1976-03-05,6.03
1976-03-12,5.97
1976-03-19,5.92
1976-03-26,5.71
1976-04-02,5.67
1976-04-09,5.57
1976-04-16,5.39
1976-04-23,5.42
1976-04-30,5.63
1976-05-07,5.79
1976-05-14,5.93
1976-05-21,6.26
1976-05-28,6.47
1976-06-04,6.55
1976-06-11,6.36
1976-06-18,6.31
1976-06-25,6.15
1976-07-02,6.14
1976-07-09,6.11
1976-07-16,5.79
1976-07-23,5.93
1976-07-30,5.73
1976-08-06,5.78
1976-08-13,5.74
1976-08-20,5.68
1976-08-27,5.63
1976-09-03,5.63
1976-09-10,5.63
1976-09-17,5.6
1976-09-24,5.5
1976-10-01,5.55
1976-10-08,5.44
1976-10-15,5.25
1976-10-22,5.18
1976-10-29,5.28
1976-11-05,5.29
1976-11-12,5.36
1976-11-19,5.29
1976-11-26,4.97
1976-12-03,4.8
1976-12-10,4.81
1976-12-17,4.78
1976-12-24,4.69
1976-12-31,4.73
1977-01-07,4.81
1977-01-14,5.05
1977-01-21,5.24
1977-01-28,5.28
1977-02-04,5.31
1977-02-11,5.12
1977-02-18,5.07
1977-02-25,5.15
1977-03-04,5.19
1977-03-11,5.2
1977-03-18,5.14
1977-03-25,5.14
1977-04-01,5.12
1977-04-08,5.12
1977-04-15,5
1977-04-22,4.99
1977-04-29,5.09
1977-05-06,5.53
1977-05-13,5.78
1977-05-20,5.79
1977-05-27,5.83
1977-06-03,5.73
1977-06-10,5.69
1977-06-17,5.6
1977-06-24,5.61
1977-07-01,5.59
1977-07-08,5.66
1977-07-15,5.68
1977-07-22,5.71
1977-07-29,5.76
1977-08-05,6.04
1977-08-12,6.15
1977-08-19,6.32
1977-08-26,6.25
1977-09-02,6.23
1977-09-09,6.23
1977-09-16,6.47
1977-09-23,6.47
1977-09-30,6.66
1977-10-07,6.82
1977-10-14,7.06
1977-10-21,7.06
1977-10-28,6.92
1977-11-04,7.02
1977-11-11,6.98
1977-11-18,6.9
1977-11-25,6.87
1977-12-02,6.88
1977-12-09,6.91
1977-12-16,6.95
1977-12-23,6.98
1977-12-30,7.03
1978-01-06,6.99
1978-01-13,7.39
1978-01-20,7.33
1978-01-27,7.26
1978-02-03,7.26
1978-02-10,7.25
1978-02-17,7.25
1978-02-24,7.27
1978-03-03,7.21
1978-03-10,7.18
1978-03-17,7.15
1978-03-24,7.14
1978-03-31,7.21
1978-04-07,7.35
1978-04-14,7.32
1978-04-21,7.34
1978-04-28,7.53
1978-05-05,7.68
1978-05-12,7.8
1978-05-19,7.86
1978-05-26,7.99
1978-06-02,8
1978-06-09,8.02
1978-06-16,8.16
1978-06-23,8.39
1978-06-30,8.48
1978-07-07,8.52
1978-07-14,8.59
1978-07-21,8.63
1978-07-28,8.54
1978-08-04,8.36
1978-08-11,8.27
1978-08-18,8.38
1978-08-25,8.58
1978-09-01,8.67
1978-09-08,8.78
1978-09-15,8.86
1978-09-22,8.99
1978-09-29,9.21
1978-10-06,9.35
1978-10-13,9.55
1978-10-20,9.86
1978-10-27,10.15
1978-11-03,10.99
1978-11-10,11.17
1978-11-17,11.13
1978-11-24,11.04
1978-12-01,11.26
1978-12-08,11.12
1978-12-15,11.04
1978-12-22,11.53
1978-12-29,11.49
1979-01-05,11.45
1979-01-12,11.26
1979-01-19,11.18
1979-01-26,10.85
1979-02-02,10.51
1979-02-09,10.6
1979-02-16,10.59
1979-02-23,10.66
1979-03-02,10.72
1979-03-09,10.51
1979-03-16,10.52
1979-03-23,10.46
1979-03-30,10.31
1979-04-06,10.29
1979-04-13,10.51
1979-04-20,10.33
1979-04-27,10.22
1979-05-04,10.52
1979-05-11,10.61
1979-05-18,10.46
1979-05-25,10.3
1979-06-01,10.17
1979-06-08,10.12
1979-06-15,9.89
1979-06-22,9.95
1979-06-29,9.91
1979-07-06,9.9
1979-07-13,10.09
1979-07-20,10.27
1979-07-27,10.48
1979-08-03,10.43
1979-08-10,10.47
1979-08-17,10.77
1979-08-24,11.05
1979-08-31,11.45
1979-09-07,11.77
1979-09-14,12.07
1979-09-21,12.15
1979-09-28,12
1979-10-05,12.46
1979-10-12,13.69
1979-10-19,13.91
1979-10-26,14.87
1979-11-02,14.49
1979-11-09,14.6
1979-11-16,14.11
1979-11-23,14.03
1979-11-30,13.09
1979-12-07,13.12
1979-12-14,13.6
1979-12-21,13.48
1979-12-28,13.54
1980-01-04,13.49
1980-01-11,13.39
1980-01-18,13.34
1980-01-25,13.57
1980-02-01,13.59
1980-02-08,13.73
1980-02-15,13.91
1980-02-22,15.16
1980-02-29,15.74
1980-03-07,17.11
1980-03-14,17.77
1980-03-21,17.9
1980-03-28,18.07
1980-04-04,18.28
1980-04-11,17.57
1980-04-18,15.89
1980-04-25,14.24
1980-05-02,12.67
1980-05-09,10.07
1980-05-16,9.71
1980-05-23,9.43
1980-05-30,8.6
1980-06-06,8.69
1980-06-13,8.07
1980-06-20,8.16
1980-06-27,8.31
1980-07-04,8.85
1980-07-11,8.61
1980-07-18,8.79
1980-07-25,8.56
1980-08-01,9.11
1980-08-08,9.43
1980-08-15,9.85
1980-08-22,10.62
1980-08-29,11.34
1980-09-05,11.07
1980-09-12,11.31
1980-09-19,11.77
1980-09-26,12.07
1980-10-03,12.97
1980-10-10,12.38
1980-10-17,12.51
1980-10-24,12.94
1980-10-31,14.09
1980-11-07,15.02
1980-11-14,14.7
1980-11-21,15.52
1980-11-28,16.15
1980-12-05,16.57
1980-12-12,18.34
1980-12-19,18.19
1980-12-26,15.87
1981-01-02,15.76
1981-01-09,15.5
1981-01-16,15.92
1981-01-23,16.34
1981-01-30,15.92
1981-02-06,15.81
1981-02-13,16.43
1981-02-20,16.33
1981-02-27,15.59
1981-03-06,15.84
1981-03-13,14.91
1981-03-20,13.52
1981-03-27,13.97
1981-04-03,13.61
1981-04-10,14.86
1981-04-17,15.39
1981-04-24,15.5
1981-05-01,16.03
1981-05-08,18.05
1981-05-15,18.29
1981-05-22,17.58
1981-05-29,16.7
1981-06-05,16.49
1981-06-12,15.88
1981-06-19,15.79
1981-06-26,16.21
1981-07-03,16.42
1981-07-10,17.12
1981-07-17,17
1981-07-24,17.98
1981-07-31,17.73
1981-08-07,17.99
1981-08-14,17.8
1981-08-21,18.07
1981-08-28,18.16
1981-09-04,17.9
1981-09-11,17.87
1981-09-18,16.86
1981-09-25,16.48
1981-10-02,16.95
1981-10-09,15.81
1981-10-16,15.36
1981-10-23,15.59
1981-10-30,15.49
1981-11-06,14.27
1981-11-13,12.85
1981-11-20,12.09
1981-11-27,11.78
1981-12-04,12.13
1981-12-11,12.46
1981-12-18,13.15
1981-12-25,13.83
1982-01-01,13.8
1982-01-08,13.72
1982-01-15,14.21
1982-01-22,14.48
1982-01-29,14.58
1982-02-05,15.19
1982-02-12,15.5
1982-02-19,15.69
1982-02-26,14.29
1982-03-05,14.1
1982-03-12,13.92
1982-03-19,14.42
1982-03-26,14.23
1982-04-02,14.69
1982-04-09,14.54
1982-04-16,14.57
1982-04-23,14.31
1982-04-30,14.25
1982-05-07,14.09
1982-05-14,13.73
1982-05-21,13.68
1982-05-28,13.6
1982-06-04,13.76
1982-06-11,14.03
1982-06-18,14.81
1982-06-25,15.43
1982-07-02,15.36
1982-07-09,14.88
1982-07-16,14.05
1982-07-23,12.88
1982-07-30,13
1982-08-06,12.18
1982-08-13,12.37
1982-08-20,10.65
1982-08-27,10.86
1982-09-03,11.64
1982-09-10,11.64
1982-09-17,11.81
1982-09-24,11.31
1982-10-01,10.86
1982-10-08,10.62
1982-10-15,9.19
1982-10-22,9.14
1982-10-29,9.42
1982-11-05,9.08
1982-11-12,9.18
1982-11-19,9.31
1982-11-26,8.91
1982-12-03,9.09
1982-12-10,8.84
1982-12-17,8.8
1982-12-24,8.73
1982-12-31,8.65
1983-01-07,8.47
1983-01-14,8.29
1983-01-21,8.29
1983-01-28,8.74
1983-02-04,8.96
1983-02-11,8.91
1983-02-18,8.77
1983-02-25,8.5
1983-03-04,8.32
1983-03-11,8.63
1983-03-18,8.79
1983-03-25,9.08
1983-04-01,9.16
1983-04-08,9.01
1983-04-15,8.75
1983-04-22,8.71
1983-04-29,8.56
1983-05-06,8.35
1983-05-13,8.38
1983-05-20,8.66
1983-05-27,8.99
1983-06-03,9.24
1983-06-10,9.49
1983-06-17,9.39
1983-06-24,9.56
1983-07-01,9.49
1983-07-08,9.8
1983-07-15,9.94
1983-07-22,9.94
1983-07-29,10.05
1983-08-05,10.35
1983-08-12,10.43
1983-08-19,10.1
1983-08-26,9.82
1983-09-02,10.14
1983-09-09,9.85
1983-09-16,9.68
1983-09-23,9.52
1983-09-30,9.36
1983-10-07,9.3
1983-10-14,9.38
1983-10-21,9.24
1983-10-28,9.34
1983-11-04,9.39
1983-11-11,9.56
1983-11-18,9.56
1983-11-25,9.51
1983-12-02,9.53
1983-12-09,9.79
1983-12-16,10.06
1983-12-23,9.91
1983-12-30,9.72
1984-01-06,9.7
1984-01-13,9.63
1984-01-20,9.45
1984-01-27,9.53
1984-02-03,9.44
1984-02-10,9.62
1984-02-17,9.76
1984-02-24,9.9
1984-03-02,9.95
1984-03-09,10.08
1984-03-16,10.35
1984-03-23,10.62
1984-03-30,10.59
1984-04-06,10.69
1984-04-13,10.61
1984-04-20,10.76
1984-04-27,10.84
1984-05-04,10.96
1984-05-11,11.59
1984-05-18,11.84
1984-05-25,11.82
1984-06-01,11.99
1984-06-08,11.83
1984-06-15,11.94
1984-06-22,11.97
1984-06-29,12.11
1984-07-06,12.2
1984-07-13,12.18
1984-07-20,12.1
1984-07-27,11.98
1984-08-03,11.77
1984-08-10,11.7
1984-08-17,11.68
1984-08-24,11.69
1984-08-31,11.75
1984-09-07,11.82
1984-09-14,11.57
1984-09-21,11.33
1984-09-28,11.22
1984-10-05,11.24
1984-10-12,10.99
1984-10-19,10.63
1984-10-26,10.05
1984-11-02,9.95
1984-11-09,9.55
1984-11-16,9.56
1984-11-23,9.3
1984-11-30,9.02
1984-12-07,9.16
1984-12-14,9.13
1984-12-21,8.59
1984-12-28,8.49
1985-01-04,8.61
1985-01-11,8.43
1985-01-18,8.47
1985-01-25,8.34
1985-02-01,8.49
1985-02-08,8.78
1985-02-15,8.95
1985-02-22,9.16
1985-03-01,9.47
1985-03-08,9.86
1985-03-15,9.62
1985-03-22,9.58
1985-03-29,9.31
1985-04-05,9.15
1985-04-12,9
1985-04-19,8.54
1985-04-26,8.46
1985-05-03,8.57
1985-05-10,8.29
1985-05-17,8.15
1985-05-24,7.81
1985-05-31,7.74
1985-06-07,7.46
1985-06-14,7.59
1985-06-21,7.44
1985-06-28,7.83
1985-07-05,7.59
1985-07-12,7.64
1985-07-19,7.77
1985-07-26,7.98
1985-08-02,8.07
1985-08-09,8.07
1985-08-16,7.97
1985-08-23,7.89
1985-08-30,7.92
1985-09-06,8.02
1985-09-13,8.24
1985-09-20,8.19
1985-09-27,7.89
1985-10-04,7.95
1985-10-11,8
1985-10-18,8.02
1985-10-25,8.02
1985-11-01,7.85
1985-11-08,7.79
1985-11-15,7.83
1985-11-22,7.81
1985-11-29,7.88
1985-12-06,7.95
1985-12-13,7.81
1985-12-20,7.67
1985-12-27,7.79
1986-01-03,7.73
1986-01-10,7.81
1986-01-17,7.93
1986-01-24,7.85
1986-01-31,7.76
1986-02-07,7.74
1986-02-14,7.77
1986-02-21,7.68
1986-02-28,7.62
1986-03-07,7.46
1986-03-14,7.18
1986-03-21,7.16
1986-03-28,7.15
1986-04-04,6.94
1986-04-11,6.57
1986-04-18,6.41
1986-04-25,6.47
1986-05-02,6.54
1986-05-09,6.5
1986-05-16,6.65
1986-05-23,6.75
1986-05-30,6.71
1986-06-06,6.86
1986-06-13,6.82
1986-06-20,6.67
1986-06-27,6.59
1986-07-04,6.48
1986-07-11,6.41
1986-07-18,6.32
1986-07-25,6.31
1986-08-01,6.3
1986-08-08,6.21
1986-08-15,6.02
1986-08-22,5.81
1986-08-29,5.57
1986-09-05,5.49
1986-09-12,5.72
1986-09-19,5.76
1986-09-26,5.8
1986-10-03,5.77
1986-10-10,5.59
1986-10-17,5.69
1986-10-24,5.79
1986-10-31,5.69
1986-11-07,5.69
1986-11-14,5.81
1986-11-21,5.79
1986-11-28,5.76
1986-12-05,5.81
1986-12-12,5.85
1986-12-19,6
1986-12-26,6.1
1987-01-02,6.06
1987-01-09,5.86
1987-01-16,5.84
1987-01-23,5.8
1987-01-30,5.87
1987-02-06,5.97
1987-02-13,6.14
1987-02-20,6.2
1987-02-27,6.12
1987-03-06,6.11
1987-03-13,6.16
1987-03-20,6.17
1987-03-27,6.22
1987-04-03,6.33
1987-04-10,6.35
1987-04-17,6.76
1987-04-24,6.76
1987-05-01,7.03
1987-05-08,7.07
1987-05-15,7.11
1987-05-22,7.53
1987-05-29,7.33
1987-06-05,7.25
1987-06-12,7.26
1987-06-19,7.06
1987-06-26,7.05
1987-07-03,7.04
1987-07-10,6.87
1987-07-17,6.79
1987-07-24,6.84
1987-07-31,6.94
1987-08-07,7.04
1987-08-14,6.96
1987-08-21,6.98
1987-08-28,7.05
1987-09-04,7.31
1987-09-11,7.78
1987-09-18,7.81
1987-09-25,7.79
1987-10-02,8.11
1987-10-09,8.41
1987-10-16,8.95
1987-10-23,8.05
1987-10-30,7.5
1987-11-06,7.3
1987-11-13,7.21
1987-11-20,7.29
1987-11-27,7.33
1987-12-04,7.62
1987-12-11,7.78
1987-12-18,7.88
1987-12-25,7.61
1988-01-01,7.4
1988-01-08,7.21
1988-01-15,7.21
1988-01-22,7.07
1988-01-29,6.9
1988-02-05,6.7
1988-02-12,6.59
1988-02-19,6.77
1988-02-26,6.73
1988-03-04,6.68
1988-03-11,6.75
1988-03-18,6.76
1988-03-25,6.84
1988-04-01,6.86
1988-04-08,7.04
1988-04-15,7.06
1988-04-22,7.24
1988-04-29,7.23
1988-05-06,7.37
1988-05-13,7.51
1988-05-20,7.52
1988-05-27,7.63
1988-06-03,7.73
1988-06-10,7.64
1988-06-17,7.61
1988-06-24,7.74
1988-07-01,7.76
1988-07-08,7.92
1988-07-15,8.17
1988-07-22,8.3
1988-07-29,8.38
1988-08-05,8.37
1988-08-12,8.59
1988-08-19,8.79
1988-08-26,8.82
1988-09-02,8.78
1988-09-09,8.53
1988-09-16,8.44
1988-09-23,8.43
1988-09-30,8.5
1988-10-07,8.47
1988-10-14,8.46
1988-10-21,8.48
1988-10-28,8.51
1988-11-04,8.45
1988-11-11,8.58
1988-11-18,8.84
1988-11-25,9.04
1988-12-02,9.24
1988-12-09,9.24
1988-12-16,9.32
1988-12-23,9.31
1988-12-30,9.26
1989-01-06,9.35
1989-01-13,9.41
1989-01-20,9.36
1989-01-27,9.34
1989-02-03,9.35
1989-02-10,9.51
1989-02-17,9.72
1989-02-24,9.9
1989-03-03,10.26
1989-03-10,10.19
1989-03-17,10.38
1989-03-24,10.64
1989-03-31,10.53
1989-04-07,10.28
1989-04-14,10.27
1989-04-21,10
1989-04-28,9.96
1989-05-05,9.89
1989-05-12,9.75
1989-05-19,9.48
1989-05-26,9.38
1989-06-02,9.33
1989-06-09,9.02
1989-06-16,9.02
1989-06-23,9.24
1989-06-30,8.98
1989-07-07,8.79
1989-07-14,8.53
1989-07-21,8.61
1989-07-28,8.52
1989-08-04,8.21
1989-08-11,8.43
1989-08-18,8.67
1989-08-25,8.73
1989-09-01,8.77
1989-09-08,8.76
1989-09-15,8.68
1989-09-22,8.69
1989-09-29,8.85
1989-10-06,8.81
1989-10-13,8.46
1989-10-20,8.3
1989-10-27,8.29
1989-11-03,8.33
1989-11-10,8.32
1989-11-17,8.18
1989-11-24,8.14
1989-12-01,8.09
1989-12-08,8.04
1989-12-15,8.16
1989-12-22,8.15
1989-12-29,8.16
1990-01-05,8.1
1990-01-12,8.11
1990-01-19,8.21
1990-01-26,8.22
1990-02-02,8.25
1990-02-09,8.27
1990-02-16,8.22
1990-02-23,8.29
1990-03-02,8.29
1990-03-09,8.36
1990-03-16,8.57
1990-03-23,8.55
1990-03-30,8.52
1990-04-06,8.54
1990-04-13,8.47
1990-04-20,8.51
1990-04-27,8.72
1990-05-04,8.74
1990-05-11,8.51
1990-05-18,8.4
1990-05-25,8.38
1990-06-01,8.35
1990-06-08,8.28
1990-06-15,8.26
1990-06-22,8.29
1990-06-29,8.31
1990-07-06,8.26
1990-07-13,8.28
1990-07-20,8.07
1990-07-27,8
1990-08-03,7.89
1990-08-10,7.87
1990-08-17,7.93
1990-08-24,8.13
1990-08-31,8.1
1990-09-07,7.95
1990-09-14,7.97
1990-09-21,8.06
1990-09-28,8.25
1990-10-05,8.02
1990-10-12,8.1
1990-10-19,8.1
1990-10-26,8.05
1990-11-02,7.94
1990-11-09,7.95
1990-11-16,7.87
1990-11-23,7.87
1990-11-30,8.08
1990-12-07,7.85
1990-12-14,7.46
1990-12-21,7.54
1990-12-28,7.78
1991-01-04,7.31
1991-01-11,7.3
1991-01-18,7.34
1991-01-25,6.97
1991-02-01,6.85
1991-02-08,6.45
1991-02-15,6.44
1991-02-22,6.54
1991-03-01,6.7
1991-03-08,6.69
1991-03-15,6.38
1991-03-22,6.45
1991-03-29,6.39
1991-04-05,6.26
1991-04-12,6.09
1991-04-19,6.13
1991-04-26,6.21
1991-05-03,6.01
1991-05-10,6.01
1991-05-17,6.06
1991-05-24,6.04
1991-05-31,6.04
1991-06-07,6.18
1991-06-14,6.31
1991-06-21,6.25
1991-06-28,6.3
1991-07-05,6.32
1991-07-12,6.31
1991-07-19,6.24
1991-07-26,6.21
1991-08-02,6.14
1991-08-09,5.87
1991-08-16,5.78
1991-08-23,5.68
1991-08-30,5.72
1991-09-06,5.7
1991-09-13,5.59
1991-09-20,5.58
1991-09-27,5.57
1991-10-04,5.43
1991-10-11,5.32
1991-10-18,5.3
1991-10-25,5.33
1991-11-01,5.19
1991-11-08,4.97
1991-11-15,4.97
1991-11-22,4.9
1991-11-29,4.83
1991-12-06,4.7
1991-12-13,4.41
1991-12-20,4.32
1991-12-27,4.25
1992-01-03,4.11
1992-01-10,3.97
1992-01-17,4.12
1992-01-24,4.08
1992-01-31,4.11
1992-02-07,4.06
1992-02-14,4
1992-02-21,4.21
1992-02-28,4.27
1992-03-06,4.34
1992-03-13,4.41
1992-03-20,4.5
1992-03-27,4.42
1992-04-03,4.34
1992-04-10,4.17
1992-04-17,4.04
1992-04-24,4.11
1992-05-01,4.07
1992-05-08,4
1992-05-15,3.9
1992-05-22,3.9
1992-05-29,4.03
1992-06-05,4.04
1992-06-12,3.97
1992-06-19,3.94
1992-06-26,3.92
1992-07-03,3.9
1992-07-10,3.51
1992-07-17,3.47
1992-07-24,3.45
1992-07-31,3.43
1992-08-07,3.44
1992-08-14,3.35
1992-08-21,3.34
1992-08-28,3.45
1992-09-04,3.35
1992-09-11,3.11
1992-09-18,3.1
1992-09-25,3.19
1992-10-02,3.11
1992-10-09,3.1
1992-10-16,3.27
1992-10-23,3.39
1992-10-30,3.41
1992-11-06,3.44
1992-11-13,3.53
1992-11-20,3.69
1992-11-27,3.69
1992-12-04,3.75
1992-12-11,3.56
1992-12-18,3.53
1992-12-25,3.47
1993-01-01,3.47
1993-01-08,3.44
1993-01-15,3.33
1993-01-22,3.3
1993-01-29,3.26
1993-02-05,3.26
1993-02-12,3.24
1993-02-19,3.21
1993-02-26,3.18
1993-03-05,3.19
1993-03-12,3.21
1993-03-19,3.21
1993-03-26,3.19
1993-04-02,3.22
1993-04-09,3.2
1993-04-16,3.16
1993-04-23,3.14
1993-04-30,3.14
1993-05-07,3.12
1993-05-14,3.14
1993-05-21,3.23
1993-05-28,3.29
1993-06-04,3.35
1993-06-11,3.42
1993-06-18,3.3
1993-06-25,3.35
1993-07-02,3.34
1993-07-09,3.32
1993-07-16,3.3
1993-07-23,3.35
1993-07-30,3.39
1993-08-06,3.37
1993-08-13,3.34
1993-08-20,3.3
1993-08-27,3.27
1993-09-03,3.26
1993-09-10,3.22
1993-09-17,3.26
1993-09-24,3.24
1993-10-01,3.24
1993-10-08,3.23
1993-10-15,3.23
1993-10-22,3.24
1993-10-29,3.3
1993-11-05,3.39
1993-11-12,3.39
1993-11-19,3.36
1993-11-26,3.4
1993-12-03,3.4
1993-12-10,3.37
1993-12-17,3.35
1993-12-24,3.34
1993-12-31,3.33
1994-01-07,3.37
1994-01-14,3.27
1994-01-21,3.27
1994-01-28,3.26
1994-02-04,3.36
1994-02-11,3.6
1994-02-18,3.64
1994-02-25,3.81
1994-03-04,3.94
1994-03-11,4.01
1994-03-18,4.01
1994-03-25,4.09
1994-04-01,4.15
1994-04-08,4.29
1994-04-15,4.29
1994-04-22,4.46
1994-04-29,4.5
1994-05-06,4.74
1994-05-13,5.09
1994-05-20,4.91
1994-05-27,4.84
1994-06-03,4.9
1994-06-10,4.75
1994-06-17,4.76
1994-06-24,4.85
1994-07-01,5.08
1994-07-08,5.19
1994-07-15,5.2
1994-07-22,5.07
1994-07-29,5.16
1994-08-05,5.07
1994-08-12,5.2
1994-08-19,5.21
1994-08-26,5.19
1994-09-02,5.2
1994-09-09,5.23
1994-09-16,5.32
1994-09-23,5.5
1994-09-30,5.6
1994-10-07,5.77
1994-10-14,5.73
1994-10-21,5.74
1994-10-28,5.87
1994-11-04,5.92
1994-11-11,6.02
1994-11-18,6.1
1994-11-25,6.23
1994-12-02,6.47
1994-12-09,6.72
1994-12-16,6.82
1994-12-23,6.78
1994-12-30,6.88
1995-01-06,6.87
1995-01-13,6.71
1995-01-20,6.66
1995-01-27,6.65
1995-02-03,6.58
1995-02-10,6.46
1995-02-17,6.46
1995-02-24,6.34
1995-03-03,6.33
1995-03-10,6.41
1995-03-17,6.33
1995-03-24,6.31
1995-03-31,6.34
1995-04-07,6.33
1995-04-14,6.29
1995-04-21,6.23
1995-04-28,6.22
1995-05-05,6.2
1995-05-12,6.06
1995-05-19,6.06
1995-05-26,6.02
1995-06-02,5.86
1995-06-09,5.78
1995-06-16,5.84
1995-06-23,5.78
1995-06-30,5.8
1995-07-07,5.79
1995-07-14,5.63
1995-07-21,5.72
1995-07-28,5.77
1995-08-04,5.75
1995-08-11,5.76
1995-08-18,5.83
1995-08-25,5.82
1995-09-01,5.77
1995-09-08,5.74
1995-09-15,5.71
1995-09-22,5.69
1995-09-29,5.79
1995-10-06,5.79
1995-10-13,5.76
1995-10-20,5.74
1995-10-27,5.75
1995-11-03,5.71
1995-11-10,5.65
1995-11-17,5.65
1995-11-24,5.61
1995-12-01,5.59
1995-12-08,5.51
1995-12-15,5.52
1995-12-22,5.47
1995-12-29,5.42
1996-01-05,5.35
1996-01-12,5.35
1996-01-19,5.28
1996-01-26,5.23
1996-02-02,5.13
1996-02-09,5
1996-02-16,4.99
1996-02-23,5.06
1996-03-01,5.12
1996-03-08,5.18
1996-03-15,5.33
1996-03-22,5.36
1996-03-29,5.37
1996-04-05,5.38
1996-04-12,5.49
1996-04-19,5.42
1996-04-26,5.4
1996-05-03,5.46
1996-05-10,5.49
1996-05-17,5.45
1996-05-24,5.45
1996-05-31,5.47
1996-06-07,5.59
1996-06-14,5.67
1996-06-21,5.65
1996-06-28,5.66
1996-07-05,5.69
1996-07-12,5.8
1996-07-19,5.75
1996-07-26,5.73
1996-08-02,5.72
1996-08-09,5.56
1996-08-16,5.54
1996-08-23,5.54
1996-08-30,5.61
1996-09-06,5.8
1996-09-13,5.74
1996-09-20,5.69
1996-09-27,5.66
1996-10-04,5.58
1996-10-11,5.5
1996-10-18,5.5
1996-10-25,5.5
1996-11-01,5.46
1996-11-08,5.44
1996-11-15,5.43
1996-11-22,5.43
1996-11-29,5.43
1996-12-06,5.42
1996-12-13,5.47
1996-12-20,5.49
1996-12-27,5.51
1997-01-03,5.5
1997-01-10,5.53
1997-01-17,5.55
1997-01-24,5.54
1997-01-31,5.53
1997-02-07,5.5
1997-02-14,5.46
1997-02-21,5.42
1997-02-28,5.49
1997-03-07,5.6
1997-03-14,5.62
1997-03-21,5.7
1997-03-28,5.81
1997-04-04,5.87
1997-04-11,5.88
1997-04-18,5.93
1997-04-25,5.91
1997-05-02,5.91
1997-05-09,5.89
1997-05-16,5.87
1997-05-23,5.86
1997-05-30,5.85
1997-06-06,5.82
1997-06-13,5.8
1997-06-20,5.75
1997-06-27,5.76
1997-07-04,5.78
1997-07-11,5.71
1997-07-18,5.71
1997-07-25,5.68
1997-08-01,5.66
1997-08-08,5.7
1997-08-15,5.73
1997-08-22,5.69
1997-08-29,5.72
1997-09-05,5.72
1997-09-12,5.73
1997-09-19,5.69
1997-09-26,5.69
1997-10-03,5.71
1997-10-10,5.69
1997-10-17,5.74
1997-10-24,5.77
1997-10-31,5.71
1997-11-07,5.72
1997-11-14,5.80
1997-11-21,5.82
1997-11-28,5.81
1997-12-05,5.83
1997-12-12,5.85
1997-12-19,5.80
1997-12-26,5.82
1998-01-02,5.76
1998-01-09,5.61
1998-01-16,5.51
1998-01-23,5.52
1998-01-30,5.54
1998-02-06,5.53
1998-02-13,5.54
1998-02-20,5.54
1998-02-27,5.58
1998-03-06,5.61
1998-03-13,5.60
1998-03-20,5.59
1998-03-27,5.61
1998-04-03,5.62
1998-04-10,5.58
1998-04-17,5.62
1998-04-24,5.63
1998-05-01,5.69
1998-05-08,5.66
1998-05-15,5.67
1998-05-22,5.67
1998-05-29,5.66
1998-06-05,5.65
1998-06-12,5.65
1998-06-19,5.63
1998-06-26,5.65
1998-07-03,5.67
1998-07-10,5.64
1998-07-17,5.64
1998-07-24,5.65
1998-07-31,5.65
1998-08-07,5.64
1998-08-14,5.61
1998-08-21,5.61
1998-08-28,5.58
1998-09-04,5.50
1998-09-11,5.41
1998-09-18,5.33
1998-09-25,5.27
1998-10-02,5.09
1998-10-09,5.08
1998-10-16,5.04
1998-10-23,4.89
1998-10-30,4.91
1998-11-06,5.08
1998-11-13,5.11
1998-11-20,5.05
1998-11-27,5.06
1998-12-04,5.03
1998-12-11,4.98
1998-12-18,4.99
1998-12-25,5.04
1999-01-01,5.03
1999-01-08,4.93
1999-01-15,4.92
1999-01-22,4.88
1999-01-29,4.87
1999-02-05,4.91
1999-02-12,4.93
1999-02-19,4.96
1999-02-26,4.99
1999-03-05,5.03
1999-03-12,4.98
1999-03-19,4.96
1999-03-26,4.97
1999-04-02,4.96
1999-04-09,4.94
1999-04-16,4.94
1999-04-23,4.94
1999-04-30,4.94
1999-05-07,4.96
1999-05-14,4.97
1999-05-21,5.07
1999-05-28,5.10
1999-06-04,5.19
1999-06-11,5.24
1999-06-18,5.30
1999-06-25,5.36
1999-07-02,5.51
1999-07-09,5.57
1999-07-16,5.58
1999-07-23,5.56
1999-07-30,5.64
1999-08-06,5.75
1999-08-13,5.85
1999-08-20,5.86
1999-08-27,5.86
1999-09-03,5.88
1999-09-10,5.89
1999-09-17,5.88
1999-09-24,5.88
1999-10-01,5.90
1999-10-08,6.00
1999-10-15,6.05
1999-10-22,6.09
1999-10-29,6.07
1999-11-05,6.03
1999-11-12,5.94
1999-11-19,5.94
1999-11-26,5.93
1999-12-03,6.01
1999-12-10,6.03
1999-12-17,6.07
1999-12-24,6.14
1999-12-31,6.07
2000-01-07,6.13
2000-01-14,6.15
2000-01-21,6.15
2000-01-28,6.15
2000-02-04,6.24
2000-02-11,6.25
2000-02-18,6.25
2000-02-25,6.28
2000-03-03,6.26
2000-03-10,6.29
2000-03-17,6.33
2000-03-24,6.39
2000-03-31,6.48
2000-04-07,6.47
2000-04-14,6.47
2000-04-21,6.49
2000-04-28,6.58
2000-05-05,6.79
2000-05-12,6.90
2000-05-19,7.00
2000-05-26,7.01
2000-06-02,7.02
2000-06-09,6.92
2000-06-16,6.89
2000-06-23,6.86
2000-06-30,6.92
2000-07-07,6.89
2000-07-14,6.84
2000-07-21,6.88
2000-07-28,6.83
2000-08-04,6.83
2000-08-11,6.75
2000-08-18,6.75
2000-08-25,6.74
2000-09-01,6.72
2000-09-08,6.70
2000-09-15,6.69
2000-09-22,6.66
2000-09-29,6.67
2000-10-06,6.67
2000-10-13,6.66
2000-10-20,6.64
2000-10-27,6.64
2000-11-03,6.65
2000-11-10,6.65
2000-11-17,6.62
2000-11-24,6.61
2000-12-01,6.60
2000-12-08,6.42
2000-12-15,6.36
2000-12-22,6.21
2000-12-29,6.11
2001-01-05,5.76
2001-01-12,5.40
2001-01-19,5.46
2001-01-26,5.35
2001-02-02,5.20
2001-02-09,5.18
2001-02-16,5.19
2001-02-23,5.11
2001-03-02,4.89
2001-03-09,4.89
2001-03-16,4.78
2001-03-23,4.61
2001-03-30,4.63
2001-04-06,4.55
2001-04-13,4.53
2001-04-20,4.41
2001-04-27,4.20
2001-05-04,4.17
2001-05-11,4.00
2001-05-18,3.99
2001-05-25,3.98
2001-06-01,3.90
2001-06-08,3.84
2001-06-15,3.77
2001-06-22,3.64
2001-06-29,3.69
2001-07-06,3.81
2001-07-13,3.72
2001-07-20,3.67
2001-07-27,3.63
2001-08-03,3.60
2001-08-10,3.54
2001-08-17,3.48
2001-08-24,3.44
2001-08-31,3.42
2001-09-07,3.41
2001-09-14,3.13
2001-09-21,2.65
2001-09-28,2.48
2001-10-05,2.38
2001-10-12,2.31
2001-10-19,2.28
2001-10-26,2.20
2001-11-02,2.08
2001-11-09,1.94
2001-11-16,2.00
2001-11-23,2.11
2001-11-30,2.08
2001-12-07,1.93
2001-12-14,1.84
2001-12-21,1.91
2001-12-28,1.93
2002-01-04,1.91
2002-01-11,1.86
2002-01-18,1.73
2002-01-25,1.88
2002-02-01,1.95
2002-02-08,1.93
2002-02-15,1.94
2002-02-22,1.96
2002-03-01,1.96
2002-03-08,2.03
2002-03-15,2.16
2002-03-22,2.22
2002-03-29,2.29
2002-04-05,2.25
2002-04-12,2.15
2002-04-19,2.10
2002-04-26,2.05
2002-05-03,1.81
2002-05-10,1.84
2002-05-17,1.98
2002-05-24,1.98
2002-05-31,2.01
2002-06-07,1.99
2002-06-14,1.94
2002-06-21,1.88
2002-06-28,1.87
2002-07-05,1.87
2002-07-12,1.86
2002-07-19,1.85
2002-07-26,1.80
2002-08-02,1.79
2002-08-09,1.68
2002-08-16,1.68
2002-08-23,1.73
2002-08-30,1.76
2002-09-06,1.73
2002-09-13,1.76
2002-09-20,1.77
2002-09-27,1.72
2002-10-04,1.65
2002-10-11,1.66
2002-10-18,1.77
2002-10-25,1.78
2002-11-01,1.59
2002-11-08,1.45
2002-11-15,1.36
2002-11-22,1.37
2002-11-29,1.39
2002-12-06,1.39
2002-12-13,1.36
2002-12-20,1.36
2002-12-27,1.35
2003-01-03,1.32
2003-01-10,1.32
2003-01-17,1.31
2003-01-24,1.28
2003-01-31,1.27
2003-02-07,1.27
2003-02-14,1.26
2003-02-21,1.27
2003-02-28,1.27
2003-03-07,1.25
2003-03-14,1.15
2003-03-21,1.20
2003-03-28,1.22
2003-04-04,1.18
2003-04-11,1.20
2003-04-18,1.26
2003-04-25,1.26
2003-05-02,1.22
2003-05-09,1.21
2003-05-16,1.21
2003-05-23,1.16
2003-05-30,1.17
2003-06-06,1.13
2003-06-13,1.02
2003-06-20,0.94
2003-06-27,0.97
2003-07-04,1.05
2003-07-11,1.05
2003-07-18,1.06
2003-07-25,1.07
2003-08-01,1.10
2003-08-08,1.13
2003-08-15,1.13
2003-08-22,1.13
2003-08-29,1.14
2003-09-05,1.16
2003-09-12,1.12
2003-09-19,1.12
2003-09-26,1.12
2003-10-03,1.11
2003-10-10,1.12
2003-10-17,1.14
2003-10-24,1.16
2003-10-31,1.15
2003-11-07,1.17
2003-11-14,1.19
2003-11-21,1.16
2003-11-28,1.18
2003-12-05,1.20
2003-12-12,1.17
2003-12-19,1.15
2003-12-26,1.16
2004-01-02,1.16
2004-01-09,1.14
2004-01-16,1.10
2004-01-23,1.10
2004-01-30,1.11
2004-02-06,1.12
2004-02-13,1.11
2004-02-20,1.10
2004-02-27,1.10
2004-03-05,1.10
2004-03-12,1.08
2004-03-19,1.08
2004-03-26,1.08
2004-04-02,1.11
2004-04-09,1.16
2004-04-16,1.19
2004-04-23,1.22
2004-04-30,1.30
2004-05-07,1.34
2004-05-14,1.48
2004-05-21,1.50
2004-05-28,1.53
2004-06-04,1.61
2004-06-11,1.72
2004-06-18,1.82
2004-06-25,1.81
2004-07-02,1.84
2004-07-09,1.80
2004-07-16,1.82
2004-07-23,1.86
2004-07-30,1.92
2004-08-06,1.88
2004-08-13,1.84
2004-08-20,1.88
2004-08-27,1.94
2004-09-03,1.96
2004-09-10,2.01
2004-09-17,2.01
2004-09-24,2.06
2004-10-01,2.13
2004-10-08,2.18
2004-10-15,2.15
2004-10-22,2.18
2004-10-29,2.22
2004-11-05,2.32
2004-11-12,2.43
2004-11-19,2.49
2004-11-26,2.56
2004-12-03,2.59
2004-12-10,2.59
2004-12-17,2.67
2004-12-24,2.72
2004-12-31,2.73
2005-01-07,2.77
2005-01-14,2.83
2005-01-21,2.88
2005-01-28,2.89
2005-02-04,2.95
2005-02-11,2.96
2005-02-18,3.01
2005-02-25,3.08
2005-03-04,3.14
2005-03-11,3.17
2005-03-18,3.24
2005-03-25,3.30
2005-04-01,3.33
2005-04-08,3.33
2005-04-15,3.34
2005-04-22,3.31
2005-04-29,3.36
2005-05-06,3.39
2005-05-13,3.44
2005-05-20,3.44
2005-05-27,3.47
2005-06-03,3.48
2005-06-10,3.50
2005-06-17,3.58
2005-06-24,3.60
2005-07-01,3.65
2005-07-08,3.73
2005-07-15,3.78
2005-07-22,3.83
2005-07-29,3.87
2005-08-05,3.93
2005-08-12,3.98
2005-08-19,4.00
2005-08-26,4.01
2005-09-02,3.96
2005-09-09,3.89
2005-09-16,3.97
2005-09-23,4.04
2005-09-30,4.17
2005-10-07,4.25
2005-10-14,4.29
2005-10-21,4.32
2005-10-28,4.38
2005-11-04,4.46
2005-11-11,4.50
2005-11-18,4.53
2005-11-25,4.54
2005-12-02,4.57
2005-12-09,4.61
2005-12-16,4.62
2005-12-23,4.64
2005-12-30,4.65
2006-01-06,4.65
2006-01-13,4.68
2006-01-20,4.68
2006-01-27,4.72
2006-02-03,4.79
2006-02-10,4.86
2006-02-17,4.90
2006-02-24,4.93
2006-03-03,4.95
2006-03-10,5.00
2006-03-17,5.02
2006-03-24,5.02
2006-03-31,5.07
2006-04-07,5.12
2006-04-14,5.17
2006-04-21,5.17
2006-04-28,5.21
2006-05-05,5.22
2006-05-12,5.24
2006-05-19,5.26
2006-05-26,5.28
2006-06-02,5.31
2006-06-09,5.34
2006-06-16,5.43
2006-06-23,5.53
2006-06-30,5.57
2006-07-07,5.57
2006-07-14,5.56
2006-07-21,5.55
2006-07-28,5.52
2006-08-04,5.48
2006-08-11,5.44
2006-08-18,5.44
2006-08-25,5.43
2006-09-01,5.41
2006-09-08,5.38
2006-09-15,5.39
2006-09-22,5.37
2006-09-29,5.32
2006-10-06,5.32
2006-10-13,5.34
2006-10-20,5.36
2006-10-27,5.36
2006-11-03,5.33
2006-11-10,5.35
2006-11-17,5.33
2006-11-24,5.33
2006-12-01,5.30
2006-12-08,5.27
2006-12-15,5.32
2006-12-22,5.33
2006-12-29,5.32
2007-01-05,5.32
2007-01-12,5.33
2007-01-19,5.35
2007-01-26,5.35
2007-02-02,5.36
2007-02-09,5.35
2007-02-16,5.35
2007-02-23,5.34
2007-03-02,5.30
2007-03-09,5.27
2007-03-16,5.28
2007-03-23,5.29
2007-03-30,5.29
2007-04-06,5.30
2007-04-13,5.32
2007-04-20,5.31
2007-04-27,5.31
2007-05-04,5.31
2007-05-11,5.31
2007-05-18,5.32
2007-05-25,5.33
2007-06-01,5.34
2007-06-08,5.35
2007-06-15,5.36
2007-06-22,5.36
2007-06-29,5.35
2007-07-06,5.35
2007-07-13,5.35
2007-07-20,5.34
2007-07-27,5.33
2007-08-03,5.32
2007-08-10,5.35
2007-08-17,5.40
2007-08-24,5.38
2007-08-31,5.50
2007-09-07,5.54
2007-09-14,5.49
2007-09-21,5.21
2007-09-28,5.12
2007-10-05,5.16
2007-10-12,5.19
2007-10-19,5.04
2007-10-26,4.81
2007-11-02,4.75
2007-11-09,4.82
2007-11-16,4.80
2007-11-23,4.88
2007-11-30,4.93
2007-12-07,4.94
2007-12-14,4.90
2007-12-21,4.82
2007-12-28,4.74
2008-01-04,4.52
2008-01-11,4.15
2008-01-18,3.73
2008-01-25,3.17
2008-02-01,3.06
2008-02-08,3.01
2008-02-15,2.98
2008-02-22,3.00
2008-02-29,2.99
2008-03-07,2.82
2008-03-14,2.76
2008-03-21,2.49
2008-03-28,2.69
2008-04-04,2.74
2008-04-11,2.72
2008-04-18,2.85
2008-04-25,3.03
2008-05-02,2.94
2008-05-09,2.80
2008-05-16,2.86
2008-05-23,2.80
2008-05-30,2.90
2008-06-06,2.90
2008-06-13,3.12
2008-06-20,3.19
2008-06-27,3.15
2008-07-04,3.14
2008-07-11,3.10
2008-07-18,3.12
2008-07-25,3.15
2008-08-01,3.13
2008-08-08,3.11
2008-08-15,3.10
2008-08-22,3.11
2008-08-29,3.12
2008-09-05,3.12
2008-09-12,3.09
2008-09-19,4.12
2008-09-26,4.36
2008-10-03,4.96
2008-10-10,5.00
2008-10-17,4.75
2008-10-24,3.83
2008-10-31,3.57
2008-11-07,2.98
2008-11-14,2.83
2008-11-21,2.79
2008-11-28,2.68
2008-12-05,2.64
2008-12-12,2.41
2008-12-19,2.05
2008-12-26,1.80
2009-01-02,1.74
2009-01-09,1.57
2009-01-16,1.39
2009-01-23,1.57
2009-01-30,1.56
2009-02-06,1.76
2009-02-13,1.70
2009-02-20,1.78
2009-02-27,1.78
2009-03-06,1.82
2009-03-13,1.84
2009-03-20,1.75
2009-03-27,1.63
2009-04-03,1.69
2009-04-10,1.66
2009-04-17,1.49
2009-04-24,1.48
2009-05-01,1.40
2009-05-08,1.24
2009-05-15,1.15
2009-05-22,0.98
2009-05-29,0.67
2009-06-05,0.61
2009-06-12,0.79
2009-06-19,0.64
2009-06-26,0.67
2009-07-03,0.60
2009-07-10,0.53
2009-07-17,0.48
2009-07-24,0.50
2009-07-31,0.48
2009-08-07,0.45
2009-08-14,0.46
2009-08-21,0.44
2009-08-28,0.41
2009-09-04,0.37
2009-09-11,0.37
2009-09-18,0.37
2009-09-25,0.35
2009-10-02,0.32
2009-10-09,0.31
2009-10-16,0.32
2009-10-23,0.31
2009-10-30,0.31
2009-11-06,0.32
2009-11-13,0.31
2009-11-20,0.29
2009-11-27,0.28
2009-12-04,0.28
2009-12-11,0.30
2009-12-18,0.30
2009-12-25,0.30
2010-01-01,0.31
2010-01-08,0.30
2010-01-15,0.30
2010-01-22,0.29
2010-01-29,0.29
2010-02-05,0.30
2010-02-12,0.30
2010-02-19,0.30
2010-02-26,0.30
2010-03-05,0.30
2010-03-12,0.32
2010-03-19,0.34
2010-03-26,0.37
2010-04-02,0.40
2010-04-09,0.40
2010-04-16,0.41
2010-04-23,0.42
2010-04-30,0.46
2010-05-07,0.53
2010-05-14,0.57
2010-05-21,0.68
2010-05-28,0.76
2010-06-04,0.77
2010-06-11,0.78
2010-06-18,0.74
2010-06-25,0.73
2010-07-02,0.71
2010-07-09,0.69
2010-07-16,0.62
2010-07-23,0.57
2010-07-30,0.56
2010-08-06,0.51
2010-08-13,0.45
2010-08-20,0.43
2010-08-27,0.39
2010-09-03,0.38
2010-09-10,0.39
2010-09-17,0.38
2010-09-24,0.38
2010-10-01,0.37
2010-10-08,0.36
2010-10-15,0.35
2010-10-22,0.34
2010-10-29,0.35
2010-11-05,0.35
2010-11-12,0.34
2010-11-19,0.35
2010-11-26,0.35
2010-12-03,0.41
2010-12-10,0.40
2010-12-17,0.41
2010-12-24,0.42
2010-12-31,0.41
2011-01-07,0.38
2011-01-14,0.38
2011-01-21,0.39
2011-01-28,0.39
2011-02-04,0.39
2011-02-11,0.38
2011-02-18,0.38
2011-02-25,0.38
2011-03-04,0.38
2011-03-11,0.37
2011-03-18,0.37
2011-03-25,0.37
2011-04-01,0.36
2011-04-08,0.33
2011-04-15,0.31
2011-04-22,0.31
2011-04-29,0.32
2011-05-06,0.31
2011-05-13,0.29
2011-05-20,0.29
2011-05-27,0.29
2011-06-03,0.31
2011-06-10,0.29
2011-06-17,0.29
2011-06-24,0.32
2011-07-01,0.39
2011-07-08,0.37
2011-07-15,0.30
2011-07-22,0.33
2011-07-29,0.38
2011-08-05,0.43
2011-08-12,0.39
2011-08-19,0.41
2011-08-26,0.43
2011-09-02,0.42
2011-09-09,0.44
2011-09-16,0.48
2011-09-23,0.50
2011-09-30,0.50
2011-10-07,0.50
2011-10-14,0.49
2011-10-21,0.51
2011-10-28,0.51
2011-11-04,0.50
2011-11-11,0.54
2011-11-18,0.60
2011-11-25,0.63
2011-12-02,0.64
2011-12-09,0.67
2011-12-16,0.68
2011-12-23,0.67
2011-12-30,0.64
2012-01-06,0.64
2012-01-13,0.59
2012-01-20,0.57
2012-01-27,0.56
2012-02-03,0.53
2012-02-10,0.51
2012-02-17,0.51
2012-02-24,0.52
2012-03-02,0.52
2012-03-09,0.51
2012-03-16,0.51
2012-03-23,0.50
2012-03-30,0.49
2012-04-06,0.48
2012-04-13,0.47
2012-04-20,0.46
2012-04-27,0.46
2012-05-04,0.45
2012-05-11,0.43
2012-05-18,0.47
2012-05-25,0.47
2012-06-01,0.47
2012-06-08,0.47
2012-06-15,0.48
2012-06-22,0.49
2012-06-29,0.49
2012-07-06,0.48
2012-07-13,0.48
2012-07-20,0.47
2012-07-27,0.44
2012-08-03,0.42
2012-08-10,0.41
2012-08-17,0.41
2012-08-24,0.39
2012-08-31,0.39
2012-09-07,0.39
2012-09-14,0.38
2012-09-21,0.37
2012-09-28,0.34
2012-10-05,0.35
2012-10-12,0.35
2012-10-19,0.34
2012-10-26,0.33
2012-11-02,0.35
2012-11-09,0.32
2012-11-16,0.33
2012-11-23,0.34
2012-11-30,0.33
2012-12-07,0.32
2012-12-14,0.32
2012-12-21,0.32
2012-12-28,0.31
2013-01-04,0.31
2013-01-11,0.30
2013-01-18,0.28
2013-01-25,0.30
2013-02-01,0.28
2013-02-08,0.30
2013-02-15,0.28
2013-02-22,0.27
2013-03-01,0.26
2013-03-08,0.28
2013-03-15,0.27
2013-03-22,0.27
2013-03-29,0.27
2013-04-05,0.27
2013-04-12,0.27
2013-04-19,0.26
2013-04-26,0.26
2013-05-03,0.26
2013-05-10,0.27
2013-05-17,0.26
2013-05-24,0.26
2013-05-31,0.26
2013-06-07,0.26
2013-06-14,0.25
2013-06-21,0.25
2013-06-28,0.27
